date,symbol,reportedCurrency,cik,fillingDate,acceptedDate,calendarYear,period,netIncome,depreciationAndAmortization,deferredIncomeTax,stockBasedCompensation,changeInWorkingCapital,accountsReceivables,inventory,accountsPayables,otherWorkingCapital,otherNonCashItems,netCashProvidedByOperatingActivities,investmentsInPropertyPlantAndEquipment,acquisitionsNet,purchasesOfInvestments,salesMaturitiesOfInvestments,otherInvestingActivites,netCashUsedForInvestingActivites,debtRepayment,commonStockIssued,commonStockRepurchased,dividendsPaid,otherFinancingActivites,netCashUsedProvidedByFinancingActivities,effectOfForexChangesOnCash,netChangeInCash,cashAtEndOfPeriod,cashAtBeginningOfPeriod,operatingCashFlow,capitalExpenditure,freeCashFlow,link,finalLink
2022-06-30,FR.TO,USD,,2022-06-30,2022-06-30,2022,Q2,-84050000.0,0.0,78712000.0,2986000.0,-17426000.0,3783000.0,-1576000.0,-20441000.0,2333000.0,6525000.0,-13253000.0,-18148000.0,0.0,0.0,0.0,-48901000.0,-67049000.0,-2978000.0,17341000.0,0.0,-3634000.0,672000.0,11401000.0,-1508000.0,-75080000.0,117721000.0,192801000.0,-13253000.0,-67467000.0,-80720000.0,https://www.sedar.com/ModifyCompanyDocumentSearchForm.do?lang=EN&company_search=First Majestic Silver Corp.&document_selection=0&industry_group=A&FromDate=13&FromMonth=05&FromYear=2000&ToDate=13&ToMonth=11&ToYear=2020&Variable=Issuer,https://www.sedar.com/ModifyCompanyDocumentSearchForm.do?lang=EN&company_search=First Majestic Silver Corp.&document_selection=0&industry_group=A&FromDate=13&FromMonth=05&FromYear=2000&ToDate=13&ToMonth=11&ToYear=2020&Variable=Issuer
2022-03-31,FR.TO,USD,,2022-03-31,2022-03-31,2022,Q1,7285000.0,0.0,-11734000.0,4822000.0,-26839000.0,-2649000.0,-2377000.0,-8291000.0,-16367000.0,7482000.0,-18984000.0,-6296000.0,0.0,0.0,0.0,-33483000.0,-39779000.0,-3020000.0,13239000.0,0.0,0.0,1933000.0,12152000.0,1486000.0,-45125000.0,192801000.0,237926000.0,-18984000.0,-38324000.0,-57308000.0,https://www.sedar.com/ModifyCompanyDocumentSearchForm.do?lang=EN&company_search=First Majestic Silver Corp.&document_selection=0&industry_group=A&FromDate=13&FromMonth=05&FromYear=2000&ToDate=13&ToMonth=11&ToYear=2020&Variable=Issuer,https://www.sedar.com/ModifyCompanyDocumentSearchForm.do?lang=EN&company_search=First Majestic Silver Corp.&document_selection=0&industry_group=A&FromDate=13&FromMonth=05&FromYear=2000&ToDate=13&ToMonth=11&ToYear=2020&Variable=Issuer
2021-12-31,FR.TO,USD,,2021-12-31,2021-12-31,2021,Q4,-3971000.0,0.0,23899000.0,2859000.0,22484000.0,-2252000.0,6662000.0,22292000.0,-16849000.0,44541000.0,89812000.0,-22842000.0,-23000.0,0.0,0.0,-36874000.0,-59739000.0,-214868000.0,0.0,0.0,-1263000.0,230795000.0,14664000.0,379000.0,45116000.0,237926000.0,192810000.0,89812000.0,-57531000.0,32281000.0,https://www.sedar.com/ModifyCompanyDocumentSearchForm.do?lang=EN&company_search=First Majestic Silver Corp.&document_selection=0&industry_group=A&FromDate=13&FromMonth=05&FromYear=2000&ToDate=13&ToMonth=11&ToYear=2020&Variable=Issuer,https://www.sedar.com/ModifyCompanyDocumentSearchForm.do?lang=EN&company_search=First Majestic Silver Corp.&document_selection=0&industry_group=A&FromDate=13&FromMonth=05&FromYear=2000&ToDate=13&ToMonth=11&ToYear=2020&Variable=Issuer
2021-09-30,FR.TO,USD,,2021-09-30,2021-09-30,2021,Q3,-18406000.0,29528000.0,-1395000.0,3069000.0,-19210000.0,3449000.0,-15203000.0,-5875000.0,-31161000.0,-5574000.0,-11988000.0,-15757000.0,-127000.0,0.0,0.0,-45556000.0,-61440000.0,-2734000.0,17606000.0,-42000.0,-1535000.0,28616000.0,41911000.0,-2782000.0,-34299000.0,192810000.0,227109000.0,-11988000.0,-46048000.0,-58036000.0,https://www.sedar.com/ModifyCompanyDocumentSearchForm.do?lang=EN&company_search=First Majestic Silver Corp.&document_selection=0&industry_group=A&FromDate=13&FromMonth=05&FromYear=2000&ToDate=13&ToMonth=11&ToYear=2020&Variable=Issuer,https://www.sedar.com/ModifyCompanyDocumentSearchForm.do?lang=EN&company_search=First Majestic Silver Corp.&document_selection=0&industry_group=A&FromDate=13&FromMonth=05&FromYear=2000&ToDate=13&ToMonth=11&ToYear=2020&Variable=Issuer
2021-06-30,FR.TO,USD,,2021-06-30,2021-06-30,2021,Q2,15599000.0,29275000.0,957000.0,2768000.0,-21012000.0,-5074000.0,2741000.0,1105000.0,0.0,-44119000.0,-16532000.0,-7153000.0,-798000.0,0.0,0.0,-5359000.0,-13310000.0,-2198000.0,49068000.0,0.0,-1132000.0,8228000.0,53966000.0,1301000.0,25425000.0,227109000.0,201684000.0,-16532000.0,-41166000.0,-57698000.0,https://www.sedar.com/ModifyCompanyDocumentSearchForm.do?lang=EN&company_search=First Majestic Silver Corp.&document_selection=0&industry_group=A&FromDate=13&FromMonth=05&FromYear=2000&ToDate=13&ToMonth=11&ToYear=2020&Variable=Issuer,https://www.sedar.com/ModifyCompanyDocumentSearchForm.do?lang=EN&company_search=First Majestic Silver Corp.&document_selection=0&industry_group=A&FromDate=13&FromMonth=05&FromYear=2000&ToDate=13&ToMonth=11&ToYear=2020&Variable=Issuer
2021-03-31,FR.TO,USD,,2021-03-31,2021-03-31,2021,Q1,1855000.0,460000.0,6712000.0,3594000.0,-13766000.0,491000.0,-3156000.0,-942000.0,0.0,8576000.0,7431000.0,-10806000.0,0.0,0.0,250000.0,-35708000.0,-46264000.0,-1328000.0,0.0,0.0,0.0,2604000.0,1276000.0,663000.0,-36894000.0,201684000.0,238578000.0,7431000.0,-44222000.0,-36791000.0,https://www.sedar.com/ModifyCompanyDocumentSearchForm.do?lang=EN&company_search=First Majestic Silver Corp&document_selection=0&industry_group=A&FromDate=13&FromMonth=05&FromYear=2000&ToDate=13&ToMonth=11&ToYear=2020&Variable=Issuer,https://www.sedar.com/ModifyCompanyDocumentSearchForm.do?lang=EN&company_search=First Majestic Silver Corp&document_selection=0&industry_group=A&FromDate=13&FromMonth=05&FromYear=2000&ToDate=13&ToMonth=11&ToYear=2020&Variable=Issuer
2020-12-31,FR.TO,USD,,2020-12-31,2020-12-31,2020,Q4,34545000.0,478000.0,-7072000.0,2227000.0,-5014000.0,0.0,0.0,0.0,0.0,18046000.0,43210000.0,-33581000.0,0.0,0.0,0.0,-7759000.0,-41340000.0,-12455000.0,-34000.0,0.0,0.0,13604000.0,1115000.0,3157000.0,6142000.0,238578000.0,232436000.0,43210000.0,-33581000.0,9629000.0,https://www.sedar.com/ModifyCompanyDocumentSearchForm.do?lang=EN&company_search=First Majestic Silver Corp&document_selection=0&industry_group=A&FromDate=13&FromMonth=05&FromYear=2000&ToDate=13&ToMonth=11&ToYear=2020&Variable=Issuer,https://www.sedar.com/ModifyCompanyDocumentSearchForm.do?lang=EN&company_search=First Majestic Silver Corp&document_selection=0&industry_group=A&FromDate=13&FromMonth=05&FromYear=2000&ToDate=13&ToMonth=11&ToYear=2020&Variable=Issuer
2020-09-30,FR.TO,USD,,2020-09-30,2020-09-30,2020,Q3,30946000.0,475000.0,13393000.0,1703000.0,3565000.0,0.0,0.0,0.0,0.0,4921000.0,55003000.0,-32587000.0,0.0,0.0,0.0,-935000.0,-33522000.0,-1803000.0,112374000.0,0.0,0.0,5601000.0,116172000.0,-447000.0,137206000.0,232436000.0,95230000.0,55003000.0,-32587000.0,22416000.0,https://www.sedar.com/ModifyCompanyDocumentSearchForm.do?lang=EN&company_search=First Majestic Silver Corp&document_selection=0&industry_group=A&FromDate=13&FromMonth=05&FromYear=2000&ToDate=13&ToMonth=11&ToYear=2020&Variable=Issuer,https://www.sedar.com/ModifyCompanyDocumentSearchForm.do?lang=EN&company_search=First Majestic Silver Corp&document_selection=0&industry_group=A&FromDate=13&FromMonth=05&FromYear=2000&ToDate=13&ToMonth=11&ToYear=2020&Variable=Issuer
2020-06-30,FR.TO,USD,,2020-06-30,2020-06-30,2020,Q2,-9968000.0,469000.0,-5459000.0,1947000.0,-10619000.0,2038000.0,-9379000.0,-1908000.0,0.0,-6918000.0,-30548000.0,-16534000.0,0.0,-773000.0,2472000.0,-4112000.0,-18947000.0,-1638000.0,0.0,0.0,0.0,721000.0,-917000.0,455000.0,-49957000.0,95230000.0,145187000.0,-30548000.0,-16534000.0,-47082000.0,https://www.sedar.com/ModifyCompanyDocumentSearchForm.do?lang=EN&company_search=First Majestic Silver Corp&document_selection=0&industry_group=A&FromDate=13&FromMonth=05&FromYear=2000&ToDate=13&ToMonth=11&ToYear=2020&Variable=Issuer,https://www.sedar.com/ModifyCompanyDocumentSearchForm.do?lang=EN&company_search=First Majestic Silver Corp&document_selection=0&industry_group=A&FromDate=13&FromMonth=05&FromYear=2000&ToDate=13&ToMonth=11&ToYear=2020&Variable=Issuer
2020-03-31,FR.TO,USD,,2020-03-31,2020-03-31,2020,Q1,-32436000.0,456000.0,5780000.0,2378000.0,-10763000.0,751000.0,-1700000.0,-6115000.0,0.0,46633000.0,12048000.0,-31788000.0,0.0,0.0,0.0,-1518000.0,-33306000.0,-11779000.0,13792000.0,-1694000.0,0.0,-115000.0,204000.0,-2768000.0,-23822000.0,145187000.0,169009000.0,12048000.0,-31788000.0,-19740000.0,https://www.sedar.com/ModifyCompanyDocumentSearchForm.do?lang=EN&company_search=First Majestic Silver Corp&document_selection=0&industry_group=A&FromDate=13&FromMonth=05&FromYear=2000&ToDate=13&ToMonth=11&ToYear=2020&Variable=Issuer,https://www.sedar.com/ModifyCompanyDocumentSearchForm.do?lang=EN&company_search=First Majestic Silver Corp&document_selection=0&industry_group=A&FromDate=13&FromMonth=05&FromYear=2000&ToDate=13&ToMonth=11&ToYear=2020&Variable=Issuer
2019-12-31,FR.TO,USD,,2019-12-31,2019-12-31,2019,Q4,-39946000.0,414000.0,-9330000.0,1907000.0,19384000.0,2627000.0,-252000.0,10031000.0,0.0,79021000.0,51450000.0,-32057000.0,0.0,0.0,248000.0,479000.0,-31330000.0,-1884000.0,28814000.0,0.0,0.0,2667000.0,29597000.0,668000.0,50385000.0,169009000.0,118624000.0,51450000.0,-32057000.0,19393000.0,https://www.sedar.com/ModifyCompanyDocumentSearchForm.do?lang=EN&company_search=First Majestic Silver Corp&document_selection=0&industry_group=A&FromDate=13&FromMonth=05&FromYear=2000&ToDate=13&ToMonth=11&ToYear=2020&Variable=Issuer,https://www.sedar.com/ModifyCompanyDocumentSearchForm.do?lang=EN&company_search=First Majestic Silver Corp&document_selection=0&industry_group=A&FromDate=13&FromMonth=05&FromYear=2000&ToDate=13&ToMonth=11&ToYear=2020&Variable=Issuer
2019-09-30,FR.TO,USD,,2019-09-30,2019-09-30,2019,Q3,8559000.0,311000.0,7393000.0,2326000.0,6063000.0,821000.0,-74000.0,-3583000.0,0.0,15650000.0,40302000.0,-30016000.0,0.0,0.0,2155000.0,-578000.0,-28439000.0,-1281000.0,4616000.0,0.0,0.0,9180000.0,12515000.0,-293000.0,24085000.0,118624000.0,94539000.0,40302000.0,-30016000.0,10286000.0,https://www.sedar.com/ModifyCompanyDocumentSearchForm.do?lang=EN&company_search=First Majestic Silver Corp&document_selection=0&industry_group=A&FromDate=13&FromMonth=05&FromYear=2000&ToDate=13&ToMonth=11&ToYear=2020&Variable=Issuer,https://www.sedar.com/ModifyCompanyDocumentSearchForm.do?lang=EN&company_search=First Majestic Silver Corp&document_selection=0&industry_group=A&FromDate=13&FromMonth=05&FromYear=2000&ToDate=13&ToMonth=11&ToYear=2020&Variable=Issuer
2019-06-30,FR.TO,USD,,2019-06-30,2019-06-30,2019,Q2,-11967000.0,457000.0,4715000.0,2017000.0,1634000.0,186000.0,-1399000.0,645000.0,0.0,18702000.0,15558000.0,-26571000.0,0.0,-773000.0,195000.0,-1009000.0,-28158000.0,-1042000.0,16028000.0,0.0,0.0,277000.0,15263000.0,419000.0,3082000.0,94539000.0,91457000.0,15558000.0,-26571000.0,-11013000.0,https://www.sedar.com/ModifyCompanyDocumentSearchForm.do?lang=EN&company_search=First Majestic Silver Corp&document_selection=0&industry_group=A&FromDate=13&FromMonth=05&FromYear=2000&ToDate=13&ToMonth=11&ToYear=2020&Variable=Issuer,https://www.sedar.com/ModifyCompanyDocumentSearchForm.do?lang=EN&company_search=First Majestic Silver Corp&document_selection=0&industry_group=A&FromDate=13&FromMonth=05&FromYear=2000&ToDate=13&ToMonth=11&ToYear=2020&Variable=Issuer
2019-03-31,FR.TO,USD,,2019-03-31,2019-03-31,2019,Q1,2880000.0,454000.0,-1328000.0,2075000.0,10246000.0,-2330000.0,4554000.0,1866000.0,0.0,18388000.0,32715000.0,-29964000.0,0.0,0.0,1597000.0,-640000.0,-29007000.0,-1006000.0,32458000.0,0.0,0.0,-1147000.0,30305000.0,431000.0,34444000.0,91457000.0,57013000.0,32715000.0,-29964000.0,2751000.0,https://www.sedar.com/ModifyCompanyDocumentSearchForm.do?lang=EN&company_search=First Majestic Silver Corp&document_selection=0&industry_group=A&FromDate=13&FromMonth=05&FromYear=2000&ToDate=13&ToMonth=11&ToYear=2020&Variable=Issuer,https://www.sedar.com/ModifyCompanyDocumentSearchForm.do?lang=EN&company_search=First Majestic Silver Corp&document_selection=0&industry_group=A&FromDate=13&FromMonth=05&FromYear=2000&ToDate=13&ToMonth=11&ToYear=2020&Variable=Issuer
2018-12-31,FR.TO,USD,,2018-12-31,2018-12-31,2018,Q4,-164443000.0,349000.0,-24126000.0,943000.0,6219000.0,1378000.0,-3727000.0,5621000.0,0.0,197388000.0,16330000.0,-28201000.0,-16000.0,0.0,0.0,-2557000.0,-30774000.0,-90000.0,0.0,0.0,0.0,779000.0,689000.0,-1604000.0,-15359000.0,57013000.0,72372000.0,16330000.0,-28201000.0,-11871000.0,https://www.sedar.com/ModifyCompanyDocumentSearchForm.do?lang=EN&company_search=First Majestic Silver Corp&document_selection=0&industry_group=A&FromDate=13&FromMonth=05&FromYear=2000&ToDate=13&ToMonth=11&ToYear=2020&Variable=Issuer,https://www.sedar.com/ModifyCompanyDocumentSearchForm.do?lang=EN&company_search=First Majestic Silver Corp&document_selection=0&industry_group=A&FromDate=13&FromMonth=05&FromYear=2000&ToDate=13&ToMonth=11&ToYear=2020&Variable=Issuer
2018-09-30,FR.TO,USD,,2018-09-30,2018-09-30,2018,Q3,5904000.0,149000.0,-17026000.0,1669000.0,-19363000.0,-1347000.0,495000.0,-5876000.0,0.0,28897000.0,230000.0,-33953000.0,0.0,0.0,0.0,-4000.0,-33957000.0,-1500000.0,0.0,-62000.0,0.0,-1899000.0,-3461000.0,332000.0,-36856000.0,72372000.0,109228000.0,230000.0,-33953000.0,-33723000.0,https://www.sedar.com/ModifyCompanyDocumentSearchForm.do?lang=EN&company_search=First Majestic Silver Corp&document_selection=0&industry_group=A&FromDate=13&FromMonth=05&FromYear=2000&ToDate=13&ToMonth=11&ToYear=2020&Variable=Issuer,https://www.sedar.com/ModifyCompanyDocumentSearchForm.do?lang=EN&company_search=First Majestic Silver Corp&document_selection=0&industry_group=A&FromDate=13&FromMonth=05&FromYear=2000&ToDate=13&ToMonth=11&ToYear=2020&Variable=Issuer
2018-06-30,FR.TO,USD,,2018-06-30,2018-06-30,2018,Q2,-40033000.0,170000.0,-9302000.0,2247000.0,-2514000.0,-2385000.0,4581000.0,-7190000.0,0.0,56263000.0,6831000.0,-26246000.0,-1006000.0,0.0,0.0,-1324000.0,-28576000.0,-152246000.0,0.0,-35000.0,0.0,34555000.0,-117726000.0,-540000.0,-140011000.0,109228000.0,249239000.0,6831000.0,-26246000.0,-19415000.0,https://www.sedar.com/ModifyCompanyDocumentSearchForm.do?lang=EN&company_search=First Majestic Silver Corp&document_selection=0&industry_group=A&FromDate=13&FromMonth=05&FromYear=2000&ToDate=13&ToMonth=11&ToYear=2020&Variable=Issuer,https://www.sedar.com/ModifyCompanyDocumentSearchForm.do?lang=EN&company_search=First Majestic Silver Corp&document_selection=0&industry_group=A&FromDate=13&FromMonth=05&FromYear=2000&ToDate=13&ToMonth=11&ToYear=2020&Variable=Issuer
2018-03-31,FR.TO,USD,,2018-03-31,2018-03-31,2018,Q1,-5592000.0,0.0,-8429000.0,2516000.0,-5509000.0,1058000.0,666000.0,1057000.0,0.0,26885000.0,9871000.0,-22908000.0,0.0,0.0,0.0,-826000.0,-23734000.0,-3892000.0,0.0,-1289000.0,0.0,151122000.0,145941000.0,-980000.0,131098000.0,249239000.0,118141000.0,9871000.0,-22908000.0,-13037000.0,https://www.sedar.com/ModifyCompanyDocumentSearchForm.do?lang=EN&company_search=First Majestic Silver Corp&document_selection=0&industry_group=A&FromDate=13&FromMonth=05&FromYear=2000&ToDate=13&ToMonth=11&ToYear=2020&Variable=Issuer,https://www.sedar.com/ModifyCompanyDocumentSearchForm.do?lang=EN&company_search=First Majestic Silver Corp&document_selection=0&industry_group=A&FromDate=13&FromMonth=05&FromYear=2000&ToDate=13&ToMonth=11&ToYear=2020&Variable=Issuer
2017-12-31,FR.TO,USD,,2017-12-31,2017-12-31,2017,Q4,-56084000.0,269000.0,-13795000.0,1850000.0,1010000.0,3072000.0,343000.0,5690000.0,0.0,86304000.0,19554000.0,-19249000.0,0.0,0.0,0.0,128000.0,-19121000.0,-4444000.0,0.0,0.0,0.0,2022000.0,-2422000.0,-664000.0,-2653000.0,118141000.0,120794000.0,19554000.0,-19249000.0,305000.0,https://www.sedar.com/ModifyCompanyDocumentSearchForm.do?lang=EN&company_search=First Majestic Silver Corp&document_selection=0&industry_group=A&FromDate=13&FromMonth=05&FromYear=2000&ToDate=13&ToMonth=11&ToYear=2020&Variable=Issuer,https://www.sedar.com/ModifyCompanyDocumentSearchForm.do?lang=EN&company_search=First Majestic Silver Corp&document_selection=0&industry_group=A&FromDate=13&FromMonth=05&FromYear=2000&ToDate=13&ToMonth=11&ToYear=2020&Variable=Issuer
2017-09-30,FR.TO,USD,,2017-09-30,2017-09-30,2017,Q3,-1320000.0,266000.0,13000.0,1985000.0,-2289000.0,-3284000.0,-415000.0,2197000.0,0.0,16723000.0,15378000.0,-21919000.0,0.0,0.0,0.0,-303000.0,-22222000.0,-5033000.0,0.0,0.0,0.0,4067000.0,-966000.0,1705000.0,-6105000.0,120794000.0,126899000.0,15378000.0,-21919000.0,-6541000.0,https://www.sedar.com/ModifyCompanyDocumentSearchForm.do?lang=EN&company_search=First Majestic Silver Corp&document_selection=0&industry_group=A&FromDate=13&FromMonth=05&FromYear=2000&ToDate=13&ToMonth=11&ToYear=2020&Variable=Issuer,https://www.sedar.com/ModifyCompanyDocumentSearchForm.do?lang=EN&company_search=First Majestic Silver Corp&document_selection=0&industry_group=A&FromDate=13&FromMonth=05&FromYear=2000&ToDate=13&ToMonth=11&ToYear=2020&Variable=Issuer
2017-06-30,FR.TO,USD,,2017-06-30,2017-06-30,2017,Q2,1412000.0,249000.0,-8108000.0,2169000.0,-461000.0,-23000.0,1057000.0,-844000.0,0.0,22238000.0,17499000.0,-17312000.0,0.0,0.0,0.0,-170000.0,-17482000.0,-4738000.0,0.0,0.0,0.0,2933000.0,-1805000.0,1082000.0,-706000.0,126899000.0,127605000.0,17499000.0,-17312000.0,187000.0,https://www.sedar.com/ModifyCompanyDocumentSearchForm.do?lang=EN&company_search=First Majestic Silver Corp&document_selection=0&industry_group=A&FromDate=13&FromMonth=05&FromYear=2000&ToDate=13&ToMonth=11&ToYear=2020&Variable=Issuer,https://www.sedar.com/ModifyCompanyDocumentSearchForm.do?lang=EN&company_search=First Majestic Silver Corp&document_selection=0&industry_group=A&FromDate=13&FromMonth=05&FromYear=2000&ToDate=13&ToMonth=11&ToYear=2020&Variable=Issuer
2017-03-31,FR.TO,USD,,2017-03-31,2017-03-31,2017,Q1,2720000.0,248000.0,-138000.0,2291000.0,-2679000.0,1851000.0,1661000.0,-5395000.0,0.0,15578000.0,18020000.0,-17032000.0,0.0,0.0,0.0,-71000.0,-17103000.0,-5292000.0,0.0,0.0,0.0,1833000.0,-3459000.0,1098000.0,-1444000.0,127605000.0,129049000.0,18020000.0,-17032000.0,988000.0,https://www.sedar.com/ModifyCompanyDocumentSearchForm.do?lang=EN&company_search=First Majestic Silver Corp&document_selection=0&industry_group=A&FromDate=13&FromMonth=05&FromYear=2000&ToDate=13&ToMonth=11&ToYear=2020&Variable=Issuer,https://www.sedar.com/ModifyCompanyDocumentSearchForm.do?lang=EN&company_search=First Majestic Silver Corp&document_selection=0&industry_group=A&FromDate=13&FromMonth=05&FromYear=2000&ToDate=13&ToMonth=11&ToYear=2020&Variable=Issuer
2016-12-31,FR.TO,USD,,2016-12-31,2016-12-31,2016,Q4,1814000.0,203000.0,-282000.0,1097000.0,12703000.0,0.0,0.0,0.0,0.0,20985000.0,36520000.0,-22853000.0,0.0,-29000.0,48000.0,168000.0,-22666000.0,-5345000.0,0.0,0.0,0.0,-366000.0,-5711000.0,-1572000.0,6571000.0,129049000.0,122478000.0,36520000.0,-22853000.0,13667000.0,https://www.sedar.com/ModifyCompanyDocumentSearchForm.do?lang=EN&company_search=First Majestic Silver Corp&document_selection=0&industry_group=A&FromDate=13&FromMonth=05&FromYear=2000&ToDate=13&ToMonth=11&ToYear=2020&Variable=Issuer,https://www.sedar.com/ModifyCompanyDocumentSearchForm.do?lang=EN&company_search=First Majestic Silver Corp&document_selection=0&industry_group=A&FromDate=13&FromMonth=05&FromYear=2000&ToDate=13&ToMonth=11&ToYear=2020&Variable=Issuer
2016-09-30,FR.TO,USD,,2016-09-30,2016-09-30,2016,Q3,8115000.0,201000.0,5274000.0,1067000.0,-6846000.0,0.0,0.0,0.0,0.0,18692000.0,26503000.0,-15239000.0,0.0,-2671000.0,0.0,-485000.0,-18395000.0,-6150000.0,0.0,0.0,0.0,12510000.0,6360000.0,-194000.0,14274000.0,122478000.0,108204000.0,26503000.0,-15239000.0,11264000.0,https://www.sedar.com/ModifyCompanyDocumentSearchForm.do?lang=EN&company_search=First Majestic Silver Corp&document_selection=0&industry_group=A&FromDate=13&FromMonth=05&FromYear=2000&ToDate=13&ToMonth=11&ToYear=2020&Variable=Issuer,https://www.sedar.com/ModifyCompanyDocumentSearchForm.do?lang=EN&company_search=First Majestic Silver Corp&document_selection=0&industry_group=A&FromDate=13&FromMonth=05&FromYear=2000&ToDate=13&ToMonth=11&ToYear=2020&Variable=Issuer
2016-06-30,FR.TO,USD,,2016-06-30,2016-06-30,2016,Q2,6105000.0,166000.0,3113000.0,1092000.0,-7116000.0,733000.0,-1485000.0,-5513000.0,0.0,11521000.0,14881000.0,-14920000.0,0.0,-1001000.0,0.0,-148000.0,-16069000.0,-2599000.0,42716000.0,0.0,0.0,6138000.0,46255000.0,1404000.0,46471000.0,108204000.0,61733000.0,14881000.0,-14920000.0,-39000.0,https://www.sedar.com/ModifyCompanyDocumentSearchForm.do?lang=EN&company_search=First Majestic Silver Corp&document_selection=0&industry_group=A&FromDate=13&FromMonth=05&FromYear=2000&ToDate=13&ToMonth=11&ToYear=2020&Variable=Issuer,https://www.sedar.com/ModifyCompanyDocumentSearchForm.do?lang=EN&company_search=First Majestic Silver Corp&document_selection=0&industry_group=A&FromDate=13&FromMonth=05&FromYear=2000&ToDate=13&ToMonth=11&ToYear=2020&Variable=Issuer
2016-03-31,FR.TO,USD,,2016-03-31,2016-03-31,2016,Q1,-7433000.0,189000.0,8785000.0,1147000.0,-1285000.0,-9000.0,2039000.0,-2014000.0,0.0,20705000.0,22108000.0,-9448000.0,0.0,0.0,48000.0,-56000.0,-9456000.0,-49112000.0,0.0,0.0,0.0,47034000.0,-2078000.0,141000.0,10715000.0,61733000.0,51018000.0,22108000.0,-9448000.0,12660000.0,https://www.sedar.com/ModifyCompanyDocumentSearchForm.do?lang=EN&company_search=First Majestic Silver Corp&document_selection=0&industry_group=A&FromDate=13&FromMonth=05&FromYear=2000&ToDate=13&ToMonth=11&ToYear=2020&Variable=Issuer,https://www.sedar.com/ModifyCompanyDocumentSearchForm.do?lang=EN&company_search=First Majestic Silver Corp&document_selection=0&industry_group=A&FromDate=13&FromMonth=05&FromYear=2000&ToDate=13&ToMonth=11&ToYear=2020&Variable=Issuer
2015-12-31,FR.TO,USD,,2015-12-31,2015-12-31,2015,Q4,-102961000.0,225000.0,-12927000.0,766000.0,87000.0,-1938000.0,4560000.0,-4455000.0,0.0,132438000.0,17628000.0,-12538000.0,0.0,0.0,388000.0,27518000.0,15368000.0,-7694000.0,0.0,0.0,0.0,-989000.0,-8683000.0,600000.0,24913000.0,51018000.0,26105000.0,17628000.0,-12538000.0,5090000.0,https://www.sedar.com/ModifyCompanyDocumentSearchForm.do?lang=EN&company_search=First Majestic Silver Corp&document_selection=0&industry_group=A&FromDate=13&FromMonth=05&FromYear=2000&ToDate=13&ToMonth=11&ToYear=2020&Variable=Issuer,https://www.sedar.com/ModifyCompanyDocumentSearchForm.do?lang=EN&company_search=First Majestic Silver Corp&document_selection=0&industry_group=A&FromDate=13&FromMonth=05&FromYear=2000&ToDate=13&ToMonth=11&ToYear=2020&Variable=Issuer
2015-09-30,FR.TO,USD,,2015-09-30,2015-09-30,2015,Q3,-1780000.0,189000.0,-4867000.0,1007000.0,2430000.0,633000.0,351000.0,3929000.0,0.0,13887000.0,10866000.0,-13388000.0,0.0,0.0,0.0,598000.0,-12790000.0,-8352000.0,0.0,0.0,0.0,-917000.0,-9269000.0,-444000.0,-11637000.0,26105000.0,37742000.0,10866000.0,-13388000.0,-2522000.0,https://www.sedar.com/ModifyCompanyDocumentSearchForm.do?lang=EN&company_search=First Majestic Silver Corp&document_selection=0&industry_group=A&FromDate=13&FromMonth=05&FromYear=2000&ToDate=13&ToMonth=11&ToYear=2020&Variable=Issuer,https://www.sedar.com/ModifyCompanyDocumentSearchForm.do?lang=EN&company_search=First Majestic Silver Corp&document_selection=0&industry_group=A&FromDate=13&FromMonth=05&FromYear=2000&ToDate=13&ToMonth=11&ToYear=2020&Variable=Issuer
2015-06-30,FR.TO,USD,,2015-06-30,2015-06-30,2015,Q2,-2578000.0,188000.0,-1871000.0,1544000.0,6551000.0,0.0,0.0,0.0,0.0,17416000.0,21250000.0,-18859000.0,0.0,0.0,396000.0,613000.0,-17850000.0,-9448000.0,22968000.0,0.0,0.0,-988000.0,12532000.0,-574000.0,15358000.0,37742000.0,22384000.0,21250000.0,-18859000.0,2391000.0,https://www.sedar.com/ModifyCompanyDocumentSearchForm.do?lang=EN&company_search=First Majestic Silver Corp&document_selection=0&industry_group=A&FromDate=13&FromMonth=05&FromYear=2000&ToDate=13&ToMonth=11&ToYear=2020&Variable=Issuer,https://www.sedar.com/ModifyCompanyDocumentSearchForm.do?lang=EN&company_search=First Majestic Silver Corp&document_selection=0&industry_group=A&FromDate=13&FromMonth=05&FromYear=2000&ToDate=13&ToMonth=11&ToYear=2020&Variable=Issuer
2015-03-31,FR.TO,USD,,2015-03-31,2015-03-31,2015,Q1,-1105000.0,182000.0,1837000.0,1609000.0,-8333000.0,-1965000.0,958000.0,-7166000.0,0.0,12160000.0,6350000.0,-12152000.0,0.0,0.0,0.0,-1259000.0,-13411000.0,-9230000.0,0.0,0.0,0.0,-1132000.0,-10362000.0,-538000.0,-17961000.0,22384000.0,40345000.0,6350000.0,-12152000.0,-5802000.0,https://www.sedar.com/ModifyCompanyDocumentSearchForm.do?lang=EN&company_search=First Majestic Silver Corp&document_selection=0&industry_group=A&FromDate=13&FromMonth=05&FromYear=2000&ToDate=13&ToMonth=11&ToYear=2020&Variable=Issuer,https://www.sedar.com/ModifyCompanyDocumentSearchForm.do?lang=EN&company_search=First Majestic Silver Corp&document_selection=0&industry_group=A&FromDate=13&FromMonth=05&FromYear=2000&ToDate=13&ToMonth=11&ToYear=2020&Variable=Issuer
2014-12-31,FR.TO,USD,,2014-12-31,2014-12-31,2014,Q4,-64568000.0,176000.0,-26664000.0,743000.0,21953000.0,2053000.0,15515000.0,3451000.0,0.0,109969000.0,41609000.0,-25776000.0,0.0,0.0,-447000.0,912000.0,-25311000.0,-9125000.0,0.0,-415000.0,0.0,-757000.0,-10297000.0,-385000.0,5616000.0,40345000.0,34729000.0,41609000.0,-25776000.0,15833000.0,https://www.sedar.com/ModifyCompanyDocumentSearchForm.do?lang=EN&company_search=First Majestic Silver Corp&document_selection=0&industry_group=A&FromDate=13&FromMonth=05&FromYear=2000&ToDate=13&ToMonth=11&ToYear=2020&Variable=Issuer,https://www.sedar.com/ModifyCompanyDocumentSearchForm.do?lang=EN&company_search=First Majestic Silver Corp&document_selection=0&industry_group=A&FromDate=13&FromMonth=05&FromYear=2000&ToDate=13&ToMonth=11&ToYear=2020&Variable=Issuer
2014-09-30,FR.TO,USD,,2014-09-30,2014-09-30,2014,Q3,-10450000.0,176000.0,674000.0,1251000.0,-1552000.0,2304000.0,-8929000.0,5855000.0,0.0,14875000.0,4974000.0,-26255000.0,0.0,-495000.0,0.0,-558000.0,-27308000.0,-8025000.0,0.0,-171000.0,0.0,-986000.0,-9182000.0,-449000.0,-31965000.0,34729000.0,66694000.0,4974000.0,-26255000.0,-21281000.0,https://www.sedar.com/ModifyCompanyDocumentSearchForm.do?lang=EN&company_search=First Majestic Silver Corp&document_selection=0&industry_group=A&FromDate=13&FromMonth=05&FromYear=2000&ToDate=13&ToMonth=11&ToYear=2020&Variable=Issuer,https://www.sedar.com/ModifyCompanyDocumentSearchForm.do?lang=EN&company_search=First Majestic Silver Corp&document_selection=0&industry_group=A&FromDate=13&FromMonth=05&FromYear=2000&ToDate=13&ToMonth=11&ToYear=2020&Variable=Issuer
2014-06-30,FR.TO,USD,,2014-06-30,2014-06-30,2014,Q2,7590000.0,176000.0,2085000.0,2678000.0,16083000.0,6531000.0,5202000.0,-2349000.0,0.0,-1107000.0,27505000.0,-26578000.0,0.0,0.0,0.0,-1758000.0,-28336000.0,-6164000.0,0.0,-369000.0,0.0,32151000.0,25618000.0,359000.0,25146000.0,66694000.0,41548000.0,27505000.0,-26578000.0,927000.0,https://www.sedar.com/ModifyCompanyDocumentSearchForm.do?lang=EN&company_search=First Majestic Silver Corp&document_selection=0&industry_group=A&FromDate=13&FromMonth=05&FromYear=2000&ToDate=13&ToMonth=11&ToYear=2020&Variable=Issuer,https://www.sedar.com/ModifyCompanyDocumentSearchForm.do?lang=EN&company_search=First Majestic Silver Corp&document_selection=0&industry_group=A&FromDate=13&FromMonth=05&FromYear=2000&ToDate=13&ToMonth=11&ToYear=2020&Variable=Issuer
2014-03-31,FR.TO,USD,,2014-03-31,2014-03-31,2014,Q1,5980000.0,169000.0,4416000.0,2648000.0,-3832000.0,-2473000.0,-2652000.0,1667000.0,0.0,9914000.0,19295000.0,-25667000.0,0.0,0.0,942000.0,-79000.0,-24804000.0,-7143000.0,0.0,0.0,0.0,-172000.0,-7315000.0,-393000.0,-13217000.0,41548000.0,54765000.0,19295000.0,-25667000.0,-6372000.0,https://www.sedar.com/ModifyCompanyDocumentSearchForm.do?lang=EN&company_search=First Majestic Silver Corp&document_selection=0&industry_group=A&FromDate=13&FromMonth=05&FromYear=2000&ToDate=13&ToMonth=11&ToYear=2020&Variable=Issuer,https://www.sedar.com/ModifyCompanyDocumentSearchForm.do?lang=EN&company_search=First Majestic Silver Corp&document_selection=0&industry_group=A&FromDate=13&FromMonth=05&FromYear=2000&ToDate=13&ToMonth=11&ToYear=2020&Variable=Issuer
2013-12-31,FR.TO,USD,,2013-12-31,2013-12-31,2013,Q4,-81229000.0,-77000.0,51051000.0,2837000.0,6421000.0,564000.0,-275000.0,3539000.0,0.0,46734000.0,25737000.0,-38257000.0,0.0,-2888000.0,0.0,2535000.0,-38610000.0,-5039000.0,0.0,0.0,0.0,5424000.0,385000.0,-262000.0,-12750000.0,54765000.0,67515000.0,25737000.0,-38257000.0,-12520000.0,https://www.sedar.com/ModifyCompanyDocumentSearchForm.do?lang=EN&company_search=First Majestic Silver Corp&document_selection=0&industry_group=A&FromDate=13&FromMonth=05&FromYear=2000&ToDate=13&ToMonth=11&ToYear=2020&Variable=Issuer,https://www.sedar.com/ModifyCompanyDocumentSearchForm.do?lang=EN&company_search=First Majestic Silver Corp&document_selection=0&industry_group=A&FromDate=13&FromMonth=05&FromYear=2000&ToDate=13&ToMonth=11&ToYear=2020&Variable=Issuer
2013-09-30,FR.TO,USD,,2013-09-30,2013-09-30,2013,Q3,16320000.0,259000.0,5630000.0,3209000.0,1904000.0,-1989000.0,5375000.0,-2387000.0,0.0,10458000.0,37780000.0,-47270000.0,0.0,0.0,3999000.0,-2453000.0,-45724000.0,-4930000.0,0.0,0.0,0.0,973000.0,-3957000.0,492000.0,-11409000.0,67515000.0,78924000.0,37780000.0,-47270000.0,-9490000.0,https://www.sedar.com/ModifyCompanyDocumentSearchForm.do?lang=EN&company_search=First Majestic Silver Corp&document_selection=0&industry_group=A&FromDate=13&FromMonth=05&FromYear=2000&ToDate=13&ToMonth=11&ToYear=2020&Variable=Issuer,https://www.sedar.com/ModifyCompanyDocumentSearchForm.do?lang=EN&company_search=First Majestic Silver Corp&document_selection=0&industry_group=A&FromDate=13&FromMonth=05&FromYear=2000&ToDate=13&ToMonth=11&ToYear=2020&Variable=Issuer
2013-06-30,FR.TO,USD,,2013-06-30,2013-06-30,2013,Q2,160000.0,212000.0,862000.0,4067000.0,-5199000.0,-111000.0,-7913000.0,-4871000.0,0.0,25772000.0,25874000.0,-49959000.0,0.0,-5412000.0,0.0,-299000.0,-55670000.0,-2218000.0,0.0,-2403000.0,0.0,4021000.0,-600000.0,-730000.0,-31126000.0,78924000.0,110050000.0,25874000.0,-49959000.0,-24085000.0,https://www.sedar.com/ModifyCompanyDocumentSearchForm.do?lang=EN&company_search=First Majestic Silver Corp&document_selection=0&industry_group=A&FromDate=13&FromMonth=05&FromYear=2000&ToDate=13&ToMonth=11&ToYear=2020&Variable=Issuer,https://www.sedar.com/ModifyCompanyDocumentSearchForm.do?lang=EN&company_search=First Majestic Silver Corp&document_selection=0&industry_group=A&FromDate=13&FromMonth=05&FromYear=2000&ToDate=13&ToMonth=11&ToYear=2020&Variable=Issuer
2013-03-31,FR.TO,USD,,2013-03-31,2013-03-31,2013,Q1,26517000.0,188000.0,6882000.0,4405000.0,1227000.0,-911000.0,-330000.0,5899000.0,0.0,5662000.0,44881000.0,-43256000.0,0.0,-357000.0,23000.0,-5071000.0,-48661000.0,-2591000.0,0.0,0.0,0.0,5022000.0,2431000.0,-192000.0,-1541000.0,110050000.0,111591000.0,44881000.0,-43256000.0,1625000.0,https://www.sedar.com/ModifyCompanyDocumentSearchForm.do?lang=EN&company_search=First Majestic Silver Corp&document_selection=0&industry_group=A&FromDate=13&FromMonth=05&FromYear=2000&ToDate=13&ToMonth=11&ToYear=2020&Variable=Issuer,https://www.sedar.com/ModifyCompanyDocumentSearchForm.do?lang=EN&company_search=First Majestic Silver Corp&document_selection=0&industry_group=A&FromDate=13&FromMonth=05&FromYear=2000&ToDate=13&ToMonth=11&ToYear=2020&Variable=Issuer
2012-12-31,FR.TO,USD,,2012-12-31,2012-12-31,2012,Q4,22350000.0,-17389000.0,8451000.0,2870000.0,4998000.0,-1693000.0,1344000.0,5631000.0,0.0,26905000.0,48185000.0,-69575000.0,-2740000.0,0.0,6194000.0,204000.0,-65917000.0,-2127000.0,0.0,0.0,0.0,58540000.0,56413000.0,149000.0,38830000.0,111591000.0,72761000.0,48185000.0,-69575000.0,-21390000.0,https://www.sedar.com/ModifyCompanyDocumentSearchForm.do?lang=EN&company_search=First Majestic Silver Corp&document_selection=0&industry_group=A&FromDate=13&FromMonth=05&FromYear=2000&ToDate=13&ToMonth=11&ToYear=2020&Variable=Issuer,https://www.sedar.com/ModifyCompanyDocumentSearchForm.do?lang=EN&company_search=First Majestic Silver Corp&document_selection=0&industry_group=A&FromDate=13&FromMonth=05&FromYear=2000&ToDate=13&ToMonth=11&ToYear=2020&Variable=Issuer
2012-09-30,FR.TO,USD,,2012-09-30,2012-09-30,2012,Q3,24869000.0,7013000.0,5820000.0,2546000.0,-8278000.0,-3952000.0,-2414000.0,1863000.0,0.0,-5700000.0,26270000.0,-39343000.0,11354000.0,0.0,10357000.0,-7971000.0,-25603000.0,-2375000.0,0.0,0.0,0.0,2936000.0,561000.0,643000.0,1871000.0,72761000.0,70890000.0,26270000.0,-39343000.0,-13073000.0,https://www.sedar.com/ModifyCompanyDocumentSearchForm.do?lang=EN&company_search=First Majestic Silver Corp&document_selection=0&industry_group=A&FromDate=13&FromMonth=05&FromYear=2000&ToDate=13&ToMonth=11&ToYear=2020&Variable=Issuer,https://www.sedar.com/ModifyCompanyDocumentSearchForm.do?lang=EN&company_search=First Majestic Silver Corp&document_selection=0&industry_group=A&FromDate=13&FromMonth=05&FromYear=2000&ToDate=13&ToMonth=11&ToYear=2020&Variable=Issuer
2012-06-30,FR.TO,USD,,2012-06-30,2012-06-30,2012,Q2,15321000.0,0.0,3755000.0,2405000.0,-3996000.0,-1999000.0,-1113000.0,11255000.0,0.0,5693000.0,23178000.0,-33128000.0,0.0,-3957000.0,315000.0,244000.0,-36526000.0,-1530000.0,0.0,0.0,0.0,713000.0,-817000.0,-278000.0,-14443000.0,70890000.0,85333000.0,23178000.0,-33128000.0,-9950000.0,https://www.sedar.com/ModifyCompanyDocumentSearchForm.do?lang=EN&company_search=First Majestic Silver Corp&document_selection=0&industry_group=A&FromDate=13&FromMonth=05&FromYear=2000&ToDate=13&ToMonth=11&ToYear=2020&Variable=Issuer,https://www.sedar.com/ModifyCompanyDocumentSearchForm.do?lang=EN&company_search=First Majestic Silver Corp&document_selection=0&industry_group=A&FromDate=13&FromMonth=05&FromYear=2000&ToDate=13&ToMonth=11&ToYear=2020&Variable=Issuer
2012-03-31,FR.TO,USD,,2012-03-31,2012-03-31,2012,Q1,26358000.0,0.0,2024000.0,2825000.0,8550000.0,1162000.0,-3652000.0,7417000.0,0.0,-1231000.0,38526000.0,-33088000.0,0.0,-9999000.0,4051000.0,-5896000.0,-44932000.0,-1957000.0,0.0,0.0,0.0,2125000.0,168000.0,387000.0,-5851000.0,85333000.0,91184000.0,38526000.0,-33088000.0,5438000.0,https://www.sedar.com/ModifyCompanyDocumentSearchForm.do?lang=EN&company_search=First Majestic Silver Corp&document_selection=0&industry_group=A&FromDate=13&FromMonth=05&FromYear=2000&ToDate=13&ToMonth=11&ToYear=2020&Variable=Issuer,https://www.sedar.com/ModifyCompanyDocumentSearchForm.do?lang=EN&company_search=First Majestic Silver Corp&document_selection=0&industry_group=A&FromDate=13&FromMonth=05&FromYear=2000&ToDate=13&ToMonth=11&ToYear=2020&Variable=Issuer
2011-12-31,FR.TO,USD,,2011-12-31,2011-12-31,2011,Q4,21339000.0,0.0,11889000.0,1350000.0,-13806000.0,-3410000.0,-3022000.0,0.0,0.0,-881000.0,19891000.0,-35159000.0,0.0,0.0,-5984000.0,4334000.0,-36809000.0,-1587000.0,0.0,0.0,0.0,-221000.0,-1808000.0,3688000.0,-15038000.0,91184000.0,106222000.0,19891000.0,-35159000.0,-15268000.0,https://www.sedar.com/ModifyCompanyDocumentSearchForm.do?lang=EN&company_search=First Majestic Silver Corp&document_selection=0&industry_group=A&FromDate=13&FromMonth=05&FromYear=2000&ToDate=13&ToMonth=11&ToYear=2020&Variable=Issuer,https://www.sedar.com/ModifyCompanyDocumentSearchForm.do?lang=EN&company_search=First Majestic Silver Corp&document_selection=0&industry_group=A&FromDate=13&FromMonth=05&FromYear=2000&ToDate=13&ToMonth=11&ToYear=2020&Variable=Issuer
2011-09-30,FR.TO,USD,,2011-09-30,2011-09-30,2011,Q3,27772000.0,0.0,5237000.0,937000.0,-4575000.0,0.0,-1478000.0,0.0,0.0,5895000.0,35266000.0,-32370000.0,0.0,-3700000.0,8369000.0,-4131000.0,-31832000.0,-893000.0,0.0,0.0,0.0,3428000.0,2535000.0,-4725000.0,1244000.0,106222000.0,104978000.0,35266000.0,-32370000.0,2896000.0,https://www.sedar.com/ModifyCompanyDocumentSearchForm.do?lang=EN&company_search=First Majestic Silver Corp&document_selection=0&industry_group=A&FromDate=13&FromMonth=05&FromYear=2000&ToDate=13&ToMonth=11&ToYear=2020&Variable=Issuer,https://www.sedar.com/ModifyCompanyDocumentSearchForm.do?lang=EN&company_search=First Majestic Silver Corp&document_selection=0&industry_group=A&FromDate=13&FromMonth=05&FromYear=2000&ToDate=13&ToMonth=11&ToYear=2020&Variable=Issuer
2011-06-30,FR.TO,USD,,2011-06-30,2011-06-30,2011,Q2,30593000.0,0.0,1235000.0,1772000.0,1028000.0,0.0,-1166000.0,0.0,0.0,3321000.0,37949000.0,-18715000.0,0.0,0.0,-3225000.0,-3246000.0,-25186000.0,-642000.0,0.0,0.0,0.0,6903000.0,6261000.0,330000.0,19354000.0,104978000.0,85624000.0,37949000.0,-18715000.0,19234000.0,https://www.sedar.com/ModifyCompanyDocumentSearchForm.do?lang=EN&company_search=First Majestic Silver Corp&document_selection=0&industry_group=A&FromDate=13&FromMonth=05&FromYear=2000&ToDate=13&ToMonth=11&ToYear=2020&Variable=Issuer,https://www.sedar.com/ModifyCompanyDocumentSearchForm.do?lang=EN&company_search=First Majestic Silver Corp&document_selection=0&industry_group=A&FromDate=13&FromMonth=05&FromYear=2000&ToDate=13&ToMonth=11&ToYear=2020&Variable=Issuer
2011-03-31,FR.TO,USD,,2011-03-31,2011-03-31,2011,Q1,23870000.0,0.0,4682000.0,1889000.0,3650000.0,-1883000.0,-344000.0,0.0,0.0,332000.0,34423000.0,-9682000.0,0.0,0.0,3225000.0,-3761000.0,-10218000.0,-326000.0,0.0,0.0,0.0,20256000.0,19930000.0,326000.0,44461000.0,85624000.0,41163000.0,34423000.0,-9682000.0,24741000.0,https://www.sedar.com/ModifyCompanyDocumentSearchForm.do?lang=EN&company_search=First Majestic Silver Corp&document_selection=0&industry_group=A&FromDate=13&FromMonth=05&FromYear=2000&ToDate=13&ToMonth=11&ToYear=2020&Variable=Issuer,https://www.sedar.com/ModifyCompanyDocumentSearchForm.do?lang=EN&company_search=First Majestic Silver Corp&document_selection=0&industry_group=A&FromDate=13&FromMonth=05&FromYear=2000&ToDate=13&ToMonth=11&ToYear=2020&Variable=Issuer
2010-12-31,FR.TO,USD,,2010-12-31,2010-12-31,2010,Q4,14601123.969147,0.0,4625263.915168,2679130.378759,-1437071.175261,-632350.953834,-1892223.003614,0.0,0.0,1797728.1146569997,22266175.20247,-13453844.331447,0.0,-766.498798,3010031.100858,-3905737.6741029993,-14350317.40349,-5548035.574281,-3613679.00756,0.0,0.0,17359186.125607,8197471.543766,-79484.207357,16214425.905694999,40934154.535274,24719728.629579,22266175.20247,-13453844.331447,8812330.871023,https://www.sedar.com/ModifyCompanyDocumentSearchForm.do?lang=EN&company_search=First Majestic Silver Corp&document_selection=0&industry_group=A&FromDate=13&FromMonth=05&FromYear=2000&ToDate=13&ToMonth=11&ToYear=2020&Variable=Issuer,https://www.sedar.com/ModifyCompanyDocumentSearchForm.do?lang=EN&company_search=First Majestic Silver Corp&document_selection=0&industry_group=A&FromDate=13&FromMonth=05&FromYear=2000&ToDate=13&ToMonth=11&ToYear=2020&Variable=Issuer
2010-09-30,FR.TO,USD,,2010-09-30,2010-09-30,2010,Q3,9961981.004071,0.0,3465878.997137,593617.95041,2523270.696344,1324484.545426,-1012412.078376,0.0,0.0,2085706.414216999,18630455.062179,-11034891.795334,0.0,-512.586938,40059.304884,1460057.0415940005,-9535288.035794,-329330.203062,2944920.825224,0.0,0.0,-2082925.4086800003,532665.213482,-65755.086715,9682838.391461,24719728.629579,15036890.238118,18630455.062179,-11034891.795334,7595563.266845,https://www.sedar.com/ModifyCompanyDocumentSearchForm.do?lang=EN&company_search=First Majestic Silver Corp&document_selection=0&industry_group=A&FromDate=13&FromMonth=05&FromYear=2000&ToDate=13&ToMonth=11&ToYear=2020&Variable=Issuer,https://www.sedar.com/ModifyCompanyDocumentSearchForm.do?lang=EN&company_search=First Majestic Silver Corp&document_selection=0&industry_group=A&FromDate=13&FromMonth=05&FromYear=2000&ToDate=13&ToMonth=11&ToYear=2020&Variable=Issuer
2010-06-30,FR.TO,USD,,2010-06-30,2010-06-30,2010,Q2,8430998.956456,0.0,1260359.807236,588302.974193,-674688.779635,0.0,-1811989.557224,0.0,0.0,2487143.568551002,12092116.526801,-5173384.937655,0.0,456301.723511,35704.211832,73160.52938800026,-4608218.472924,-447239.871509,497579.05736,0.0,0.0,-670662.068312,-620322.882461,46523.379927,6719901.813555,15036890.238118,8316988.424563,12092116.526801,-5173384.937655,6918731.589146,https://www.sedar.com/ModifyCompanyDocumentSearchForm.do?lang=EN&company_search=First Majestic Silver Corp&document_selection=0&industry_group=A&FromDate=13&FromMonth=05&FromYear=2000&ToDate=13&ToMonth=11&ToYear=2020&Variable=Issuer,https://www.sedar.com/ModifyCompanyDocumentSearchForm.do?lang=EN&company_search=First Majestic Silver Corp&document_selection=0&industry_group=A&FromDate=13&FromMonth=05&FromYear=2000&ToDate=13&ToMonth=11&ToYear=2020&Variable=Issuer
2010-03-31,FR.TO,USD,,2010-03-31,2010-03-31,2010,Q1,2958402.001177,782220.914263,1105871.100647,686854.031783,-397163.037081,0.0,-74547.7732,0.0,56821.6598,234188.73847500142,5370373.749264,-4672505.395331,0.0,-480018.638415,28968.020404,2061137.9242699998,-3062418.089072,-647015.891701,171179.124975,0.0,0.0,733916.029037,258079.262311,-26752.010987,2539282.9115159996,8316988.424563,5777705.513047,5370373.749264,-4672505.395331,697868.353934,https://www.sedar.com/ModifyCompanyDocumentSearchForm.do?lang=EN&company_search=First Majestic Silver Corp&document_selection=0&industry_group=A&FromDate=13&FromMonth=05&FromYear=2000&ToDate=13&ToMonth=11&ToYear=2020&Variable=Issuer,https://www.sedar.com/ModifyCompanyDocumentSearchForm.do?lang=EN&company_search=First Majestic Silver Corp&document_selection=0&industry_group=A&FromDate=13&FromMonth=05&FromYear=2000&ToDate=13&ToMonth=11&ToYear=2020&Variable=Issuer
2009-12-31,FR.TO,USD,,2009-12-31,2009-12-31,2009,Q4,2454733.030302,924417.206296,-528765.733181,1092850.517052,-2359007.138731,-231795.714932,-742916.874273,0.0,-384862.840286,3438819.252733,5023047.134471,-18459319.493256,0.0,5857689.458732,0.0,2119716.4007469993,-10481913.633777,-613643.588497,794781.338305,0.0,0.0,2922273.6827660003,3103411.432574,-755.896838,-2016834.1364060007,5624861.999809,7641696.136215,5023047.134471,-18459319.493256,-13436272.358785,https://www.sedar.com/ModifyCompanyDocumentSearchForm.do?lang=EN&company_search=First Majestic Silver Corp&document_selection=0&industry_group=A&FromDate=13&FromMonth=05&FromYear=2000&ToDate=13&ToMonth=11&ToYear=2020&Variable=Issuer,https://www.sedar.com/ModifyCompanyDocumentSearchForm.do?lang=EN&company_search=First Majestic Silver Corp&document_selection=0&industry_group=A&FromDate=13&FromMonth=05&FromYear=2000&ToDate=13&ToMonth=11&ToYear=2020&Variable=Issuer
2009-09-30,FR.TO,USD,,2009-09-30,2009-09-30,2009,Q3,1722914.210871,869516.23494,-958424.534781,599159.938145,-2109433.579014,-455282.637097,-334692.969167,-1931346.695637,-265854.093704,2059311.960349,2183044.23051,-2665759.864086,0.0,0.0,0.0,-10238305.983349,-12904065.847435,-1059066.311539,10284371.218296,0.0,0.0,-12026982.879596,-2801677.972839,11106.022936,-12219112.684147999,7641696.136215,19860808.820363,2183044.23051,-2665759.864086,-482715.633576,https://www.sedar.com/ModifyCompanyDocumentSearchForm.do?lang=EN&company_search=First Majestic Silver Corp&document_selection=0&industry_group=A&FromDate=13&FromMonth=05&FromYear=2000&ToDate=13&ToMonth=11&ToYear=2020&Variable=Issuer,https://www.sedar.com/ModifyCompanyDocumentSearchForm.do?lang=EN&company_search=First Majestic Silver Corp&document_selection=0&industry_group=A&FromDate=13&FromMonth=05&FromYear=2000&ToDate=13&ToMonth=11&ToYear=2020&Variable=Issuer
2009-06-30,FR.TO,USD,,2009-06-30,2009-06-30,2009,Q2,892730.953099,872354.706783,-1506599.668041,752030.13829,-1436130.414417,-543116.163339,1851704.818533,0.0,-555627.81002,-380878.46003900026,-806492.744325,-8044460.398634,0.0,0.0,0.0,553744.544241,-7490715.854393,-611073.488413,1351268.877378,0.0,0.0,-9.998911991715431e-07,740195.388964,5091.922691,-6342516.593433,19860808.820363,26203325.413796,-806492.744325,-8044460.398634,-8850953.142959,https://www.sedar.com/ModifyCompanyDocumentSearchForm.do?lang=EN&company_search=First Majestic Silver Corp&document_selection=0&industry_group=A&FromDate=13&FromMonth=05&FromYear=2000&ToDate=13&ToMonth=11&ToYear=2020&Variable=Issuer,https://www.sedar.com/ModifyCompanyDocumentSearchForm.do?lang=EN&company_search=First Majestic Silver Corp&document_selection=0&industry_group=A&FromDate=13&FromMonth=05&FromYear=2000&ToDate=13&ToMonth=11&ToYear=2020&Variable=Issuer
2009-03-31,FR.TO,USD,,2009-03-31,2009-03-31,2009,Q1,744197.354874,680159.182704,-173030.807001,710175.813732,-2533902.74808,313201.869011,-424592.539796,0.0,-65485.071672,574320.1077069998,1918.903936,-2718882.553259,0.0,0.0,0.0,-188435.09938999964,-2907317.652649,-302896.966817,15612320.424487,0.0,0.0,0.0,15309423.45767,201.156252,12404225.86521,26203325.413796,13799099.548586,1918.903936,-2718882.553259,-2716963.649323,https://www.sedar.com/ModifyCompanyDocumentSearchForm.do?lang=EN&company_search=First Majestic Silver Corp&document_selection=0&industry_group=A&FromDate=13&FromMonth=05&FromYear=2000&ToDate=13&ToMonth=11&ToYear=2020&Variable=Issuer,https://www.sedar.com/ModifyCompanyDocumentSearchForm.do?lang=EN&company_search=First Majestic Silver Corp&document_selection=0&industry_group=A&FromDate=13&FromMonth=05&FromYear=2000&ToDate=13&ToMonth=11&ToYear=2020&Variable=Issuer
2008-12-31,FR.TO,USD,,2008-12-31,2008-12-31,2008,Q4,-4599736.319702,-1484677.087349,-2075980.262609,0.0,-49421.755156,0.0,1113747.048434,0.0,0.0,4396046.572728001,-3813768.852088,3811411.56123,0.0,0.0,0.0,-391603.934655,3419807.626575,0.0,-5104434.443811,0.0,0.0,-4597606.717046999,-9702041.160858,-21335.088079,-240847.60263099894,14317274.445357,14558122.047988,-3813768.852088,0.0,-2357.290858,https://www.sedar.com/ModifyCompanyDocumentSearchForm.do?lang=EN&company_search=First Majestic Silver Corp&document_selection=0&industry_group=A&FromDate=13&FromMonth=05&FromYear=2000&ToDate=13&ToMonth=11&ToYear=2020&Variable=Issuer,https://www.sedar.com/ModifyCompanyDocumentSearchForm.do?lang=EN&company_search=First Majestic Silver Corp&document_selection=0&industry_group=A&FromDate=13&FromMonth=05&FromYear=2000&ToDate=13&ToMonth=11&ToYear=2020&Variable=Issuer
2008-09-30,FR.TO,USD,,2008-09-30,2008-09-30,2008,Q3,-353528.244852,833788.247078,217374.824292,0.0,-3714220.536457,0.0,-1623938.192819,0.0,0.0,578192.0000829999,-2438393.709856,-17985375.411757,0.0,0.0,0.0,-8268750.674421001,-26254126.086178,0.0,-3937801.544746,0.0,0.0,2181347.062157,-1756454.482589,76823.010455,-30858186.657062,14558122.047988,45416308.70505,-2438393.709856,-17985375.411757,-20423769.121613,https://www.sedar.com/ModifyCompanyDocumentSearchForm.do?lang=EN&company_search=First Majestic Silver Corp&document_selection=0&industry_group=A&FromDate=13&FromMonth=05&FromYear=2000&ToDate=13&ToMonth=11&ToYear=2020&Variable=Issuer,https://www.sedar.com/ModifyCompanyDocumentSearchForm.do?lang=EN&company_search=First Majestic Silver Corp&document_selection=0&industry_group=A&FromDate=13&FromMonth=05&FromYear=2000&ToDate=13&ToMonth=11&ToYear=2020&Variable=Issuer
2008-06-30,FR.TO,USD,,2008-06-30,2008-06-30,2008,Q2,-291762.62527,1595997.002505,389714.352952,0.0,4247631.187786,0.0,-734292.264456,0.0,0.0,394155.935358,6335735.853331,-9182238.180498,0.0,0.0,0.0,-3776091.570053,-12958329.750551,0.0,666621.419506,0.0,0.0,-30967.647915999987,635653.77159,-53282.007451,-5899327.163987003,45416308.70505,51315635.869037,6335735.853331,-9182238.180498,-2846502.327167,https://www.sedar.com/ModifyCompanyDocumentSearchForm.do?lang=EN&company_search=First Majestic Silver Corp&document_selection=0&industry_group=A&FromDate=13&FromMonth=05&FromYear=2000&ToDate=13&ToMonth=11&ToYear=2020&Variable=Issuer,https://www.sedar.com/ModifyCompanyDocumentSearchForm.do?lang=EN&company_search=First Majestic Silver Corp&document_selection=0&industry_group=A&FromDate=13&FromMonth=05&FromYear=2000&ToDate=13&ToMonth=11&ToYear=2020&Variable=Issuer
2008-03-31,FR.TO,USD,,2008-03-31,2008-03-31,2008,Q1,1034997.571165,1659021.665209,-220498.396969,0.0,1098958.515496,0.0,-46492.762071,0.0,0.0,1734299.0381819997,5306778.393083,-9024001.748761,0.0,0.0,0.0,0.0,-9024001.748761,0.0,42537415.719421,0.0,0.0,30967.64791600406,42568383.367337,-5341.494219,38845818.517439,51315635.869037,12469817.351598,5306778.393083,-9024001.748761,-3717223.355679,https://www.sedar.com/ModifyCompanyDocumentSearchForm.do?lang=EN&company_search=First Majestic Silver Corp&document_selection=0&industry_group=A&FromDate=13&FromMonth=05&FromYear=2000&ToDate=13&ToMonth=11&ToYear=2020&Variable=Issuer,https://www.sedar.com/ModifyCompanyDocumentSearchForm.do?lang=EN&company_search=First Majestic Silver Corp&document_selection=0&industry_group=A&FromDate=13&FromMonth=05&FromYear=2000&ToDate=13&ToMonth=11&ToYear=2020&Variable=Issuer
2007-12-31,FR.TO,USD,,2007-12-31,2007-12-31,2007,Q4,-1320391.169241,652339.32359,2065636.273383,1467143.315544,-723385.690818,-238224.703374,-1130848.06385,0.0,0.0,2484094.25405,4625436.306508,-8279376.980584,-1186377.982465,0.0,0.0,1670148.0660760002,-7795606.896973,0.0,6110096.001419,0.0,0.0,-1725012.1733800005,4385083.828039,0.0,1417483.1380100008,12960903.766535,11543420.628525,4625436.306508,-8279376.980584,-3653940.674075,,
2007-09-30,FR.TO,USD,,2007-09-30,2007-09-30,2007,Q3,-2085094.681708,731288.275584,-266935.938759,729242.546334,781767.727639,-338203.062047,126106.970185,0.0,0.0,3293586.8251400003,3183854.75423,-9773071.112006,0.0,0.0,0.0,-59814.66559300013,-9832885.777599,0.0,146051.571313,0.0,0.0,-356846.293311,-210794.721998,824645.44722,-6035180.298147,11543420.628525,17578600.926672,3183854.75423,-9773071.112006,-6589216.357776,,
2007-06-30,FR.TO,USD,,2007-06-30,2007-06-30,2007,Q2,-1153050.258337,496312.822922,-334244.246125,728541.099108,-3619223.109441,727486.143729,356360.732738,0.0,-171320.807891,2024301.550022,-1857362.141851,-6603514.325975,0.0,0.0,0.0,-1501868.4828550005,-8105382.80883,0.0,1642883.983091,0.0,0.0,17084315.641146,18727199.624237,-755573.50869,8008881.164867001,16394584.311884,8385703.147017,-1857362.141851,-6603514.325975,-8460876.467825,,
2007-03-31,FR.TO,USD,,2007-03-31,2007-03-31,2007,Q1,-2654212.0319,437365.638003,-261659.153953,796934.81276,-631260.402219,-1926707.697642,-524747.746186,0.0,0.0,565193.3079049999,-1747637.829404,-4716100.034674,-3293079.056865,0.0,0.0,-1.000240445137024e-06,-8009179.09154,0.0,2661732.836338,0.0,0.0,-510445.5617189999,2151287.274619,-147704.576976,-7753234.223301,7738020.977809,15491255.20111,-1747637.829404,-4716100.034674,-6463737.864078,,
2006-09-30,FR.TO,USD,,2006-09-30,2006-09-30,2007,Q3,-4647712.699266,3521413.2187,-822047.286405,0.0,-1801094.393695,0.0,-67628.515135,0.0,0.0,2141478.5957369995,-1607962.564929,-35968962.92316,0.0,0.0,0.0,-196721.2967929989,-36165684.219953,0.0,31091051.406054,-22859478.774852,0.0,22553195.414651,30784768.045853,0.0,-6988878.739029,7852414.472506,14841293.211535,-1607962.564929,-35968962.92316,-37576925.488089,,
2006-06-30,FR.TO,USD,,2006-06-30,2006-06-30,2006,Q2,-2970788.548391,1315088.716723,0.0,0.0,647576.77224,0.0,145803.129267,0.0,0.0,520540.755731,-487582.303697,-3814019.770329,0.0,0.0,0.0,-20551885.657871,-24365905.4282,0.0,29161093.925947,0.0,0.0,537519.3000520021,29698613.225999,0.0,4980377.676359,14873261.532938,9892883.856579,-487582.303697,-3814019.770329,-4301602.074026,https://www.sedar.com/ModifyCompanyDocumentSearchForm.do?lang=EN&company_search=First Majestic Silver Corp&document_selection=0&industry_group=A&FromDate=13&FromMonth=05&FromYear=2000&ToDate=13&ToMonth=11&ToYear=2020&Variable=Issuer,https://www.sedar.com/ModifyCompanyDocumentSearchForm.do?lang=EN&company_search=First Majestic Silver Corp&document_selection=0&industry_group=A&FromDate=13&FromMonth=05&FromYear=2000&ToDate=13&ToMonth=11&ToYear=2020&Variable=Issuer
2006-03-31,FR.TO,USD,,2006-03-31,2006-03-31,2006,Q1,-812237.09041,201203.857614,0.0,0.0,299130.023268,0.0,1211.687092,0.0,0.0,-397489.27568099997,-709392.485209,-2159626.919735,0.0,0.0,0.0,0.0,-2159626.919735,0.0,7350065.075329,0.0,0.0,-5314898.325366,2035166.749963,0.0,-844917.0733330008,9892883.856579,10737800.929912,-709392.485209,-2159626.919735,-2869019.404944,https://www.sedar.com/ModifyCompanyDocumentSearchForm.do?lang=EN&company_search=First Majestic Silver Corp&document_selection=0&industry_group=A&FromDate=13&FromMonth=05&FromYear=2000&ToDate=13&ToMonth=11&ToYear=2020&Variable=Issuer,https://www.sedar.com/ModifyCompanyDocumentSearchForm.do?lang=EN&company_search=First Majestic Silver Corp&document_selection=0&industry_group=A&FromDate=13&FromMonth=05&FromYear=2000&ToDate=13&ToMonth=11&ToYear=2020&Variable=Issuer
2005-12-31,FR.TO,USD,,2005-12-31,2005-12-31,2006,Q4,-713891.854658,156198.003482,0.0,0.0,-510420.899045,0.0,15442.3611,0.0,0.0,658689.319108,-409425.431113,-1051983.619165,0.0,0.0,0.0,0.0,-1051983.619165,0.0,5581178.600411,0.0,0.0,4227121.424144,9808300.024555,0.0,8350034.1901360005,10737800.929912,2387766.739776,-409425.431113,-1051983.619165,-1461409.050278,https://www.sedar.com/ModifyCompanyDocumentSearchForm.do?lang=EN&company_search=First Majestic Silver Corp&document_selection=0&industry_group=A&FromDate=13&FromMonth=05&FromYear=2000&ToDate=13&ToMonth=11&ToYear=2020&Variable=Issuer,https://www.sedar.com/ModifyCompanyDocumentSearchForm.do?lang=EN&company_search=First Majestic Silver Corp&document_selection=0&industry_group=A&FromDate=13&FromMonth=05&FromYear=2000&ToDate=13&ToMonth=11&ToYear=2020&Variable=Issuer
2005-09-30,FR.TO,USD,,2005-09-30,2005-09-30,2006,Q3,-592537.737066,120288.994968,0.0,0.0,139334.279448,0.0,32606.545392,0.0,0.0,-40442.09349300002,-373356.556143,-859820.238249,0.0,0.0,0.0,0.0,-859820.238249,0.0,142261.213607,0.0,0.0,550257.6011699999,692518.814777,0.0,-540657.9796150001,2387766.739776,2928424.719391,-373356.556143,-859820.238249,-1233176.794392,https://www.sedar.com/ModifyCompanyDocumentSearchForm.do?lang=EN&company_search=First Majestic Silver Corp&document_selection=0&industry_group=A&FromDate=13&FromMonth=05&FromYear=2000&ToDate=13&ToMonth=11&ToYear=2020&Variable=Issuer,https://www.sedar.com/ModifyCompanyDocumentSearchForm.do?lang=EN&company_search=First Majestic Silver Corp&document_selection=0&industry_group=A&FromDate=13&FromMonth=05&FromYear=2000&ToDate=13&ToMonth=11&ToYear=2020&Variable=Issuer
2005-06-30,FR.TO,USD,,2005-06-30,2005-06-30,2005,Q2,-770695.978097,138115.379629,0.0,0.0,-1086089.278949,0.0,-918.83073,0.0,0.0,-79936.95158099988,-1798606.828998,-637646.17899,0.0,0.0,0.0,0.0,-637646.17899,0.0,446395.111011,0.0,0.0,0.0,446395.111011,0.0,-2090567.1471639997,2779274.96245,4869842.109614,-1798606.828998,-637646.17899,-2436253.007988,https://www.sedar.com/ModifyCompanyDocumentSearchForm.do?lang=EN&company_search=First Majestic Silver Corp&document_selection=0&industry_group=A&FromDate=13&FromMonth=05&FromYear=2000&ToDate=13&ToMonth=11&ToYear=2020&Variable=Issuer,https://www.sedar.com/ModifyCompanyDocumentSearchForm.do?lang=EN&company_search=First Majestic Silver Corp&document_selection=0&industry_group=A&FromDate=13&FromMonth=05&FromYear=2000&ToDate=13&ToMonth=11&ToYear=2020&Variable=Issuer
2005-03-31,FR.TO,USD,,2005-03-31,2005-03-31,2005,Q1,-620255.435232,69878.365808,0.0,0.0,262913.601245,0.0,4810.075376,0.0,0.0,148598.06269899997,-138865.40548,-395613.878405,0.0,0.0,0.0,0.0,-395613.878405,0.0,740959.17978,0.0,0.0,0.0,740959.17978,0.0,155901.96952999942,4869842.109614,4713940.140084,-138865.40548,-395613.878405,-534479.283884,https://www.sedar.com/ModifyCompanyDocumentSearchForm.do?lang=EN&company_search=First Majestic Silver Corp&document_selection=0&industry_group=A&FromDate=13&FromMonth=05&FromYear=2000&ToDate=13&ToMonth=11&ToYear=2020&Variable=Issuer,https://www.sedar.com/ModifyCompanyDocumentSearchForm.do?lang=EN&company_search=First Majestic Silver Corp&document_selection=0&industry_group=A&FromDate=13&FromMonth=05&FromYear=2000&ToDate=13&ToMonth=11&ToYear=2020&Variable=Issuer
2004-12-31,FR.TO,USD,,2004-12-31,2004-12-31,2005,Q4,-1372092.268787,35003.965043,0.0,0.0,-840156.442418,0.0,0.0,0.0,0.0,1106901.9095810002,-1070342.836581,-1037870.872112,0.0,0.0,0.0,0.0,-1037870.872112,0.0,176127.67196,0.0,0.0,0.0,176127.67196,0.0,-1553158.39384,4713940.140084,6267098.533924,-1070342.836581,-1037870.872112,-2108213.708692,https://www.sedar.com/ModifyCompanyDocumentSearchForm.do?lang=EN&company_search=First Majestic Silver Corp&document_selection=0&industry_group=A&FromDate=13&FromMonth=05&FromYear=2000&ToDate=13&ToMonth=11&ToYear=2020&Variable=Issuer,https://www.sedar.com/ModifyCompanyDocumentSearchForm.do?lang=EN&company_search=First Majestic Silver Corp&document_selection=0&industry_group=A&FromDate=13&FromMonth=05&FromYear=2000&ToDate=13&ToMonth=11&ToYear=2020&Variable=Issuer
2004-09-30,FR.TO,USD,,2004-09-30,2004-09-30,2005,Q3,-261273.083358,993.506133,0.0,0.0,-742195.862638,0.0,0.0,0.0,0.0,48014.177087000106,-954461.262776,-554971.891626,0.0,0.0,0.0,0.0,-554971.891626,0.0,62322.092627,0.0,0.0,0.0,62322.092627,0.0,-1447111.0617749998,6267098.533924,7714209.595699,-954461.262776,-554971.891626,-1509433.154402,https://www.sedar.com/ModifyCompanyDocumentSearchForm.do?lang=EN&company_search=First Majestic Silver Corp&document_selection=0&industry_group=A&FromDate=13&FromMonth=05&FromYear=2000&ToDate=13&ToMonth=11&ToYear=2020&Variable=Issuer,https://www.sedar.com/ModifyCompanyDocumentSearchForm.do?lang=EN&company_search=First Majestic Silver Corp&document_selection=0&industry_group=A&FromDate=13&FromMonth=05&FromYear=2000&ToDate=13&ToMonth=11&ToYear=2020&Variable=Issuer
2004-06-30,FR.TO,USD,,2004-06-30,2004-06-30,2004,Q2,-722140.074195,717.646165,0.0,0.0,-136632.942668,0.0,0.0,0.0,0.0,588604.0849189999,-269451.285779,-1645990.101061,0.0,0.0,0.0,-353.09765199990943,-1646343.198713,0.0,8888552.732764,0.0,0.0,-266744.775138,8621807.957626,0.0,6705895.35555,7297761.709022,591866.353472,-269451.285779,-1645990.101061,-1915441.38684,https://www.sedar.com/ModifyCompanyDocumentSearchForm.do?lang=EN&company_search=First Majestic Silver Corp&document_selection=0&industry_group=A&FromDate=13&FromMonth=05&FromYear=2000&ToDate=13&ToMonth=11&ToYear=2020&Variable=Issuer,https://www.sedar.com/ModifyCompanyDocumentSearchForm.do?lang=EN&company_search=First Majestic Silver Corp&document_selection=0&industry_group=A&FromDate=13&FromMonth=05&FromYear=2000&ToDate=13&ToMonth=11&ToYear=2020&Variable=Issuer
2004-03-31,FR.TO,USD,,2004-03-31,2004-03-31,2004,Q1,-434580.009457,0.0,0.0,0.0,7048.882105,0.0,0.0,0.0,0.0,212449.22469899998,-215081.902653,-136993.971651,0.0,0.0,0.0,-239.081170999998,-137233.052822,0.0,523637.296645,0.0,0.0,33216.04494699999,556853.341592,0.0,204458.409118,591866.353472,387407.944354,-215081.902653,-136993.971651,-352075.874304,https://www.sedar.com/ModifyCompanyDocumentSearchForm.do?lang=EN&company_search=First Majestic Silver Corp&document_selection=0&industry_group=A&FromDate=13&FromMonth=05&FromYear=2000&ToDate=13&ToMonth=11&ToYear=2020&Variable=Issuer,https://www.sedar.com/ModifyCompanyDocumentSearchForm.do?lang=EN&company_search=First Majestic Silver Corp&document_selection=0&industry_group=A&FromDate=13&FromMonth=05&FromYear=2000&ToDate=13&ToMonth=11&ToYear=2020&Variable=Issuer
2003-12-31,FR.TO,USD,,2003-12-31,2003-12-31,2004,Q4,-66912.405438,0.0,0.0,0.0,1006.638248,0.0,0.0,0.0,0.0,-867.0243080000073,-66772.791498,-56839.575174,0.0,0.0,0.0,888.8563099999956,-55950.718864,0.0,0.0,0.0,0.0,251359.220212,251359.220212,0.0,128933.04844599997,387407.944354,258474.895908,-66772.791498,-56839.575174,-123612.366672,https://www.sedar.com/ModifyCompanyDocumentSearchForm.do?lang=EN&company_search=First Majestic Silver Corp&document_selection=0&industry_group=A&FromDate=13&FromMonth=05&FromYear=2000&ToDate=13&ToMonth=11&ToYear=2020&Variable=Issuer,https://www.sedar.com/ModifyCompanyDocumentSearchForm.do?lang=EN&company_search=First Majestic Silver Corp&document_selection=0&industry_group=A&FromDate=13&FromMonth=05&FromYear=2000&ToDate=13&ToMonth=11&ToYear=2020&Variable=Issuer
2003-09-30,FR.TO,USD,,2003-09-30,2003-09-30,2004,Q3,-20294.785419,0.0,0.0,0.0,-71292.810815,0.0,0.0,0.0,0.0,0.0,-91587.596234,-3697.759897,0.0,0.0,0.0,20805.815837,17108.05594,0.0,0.0,0.0,0.0,325994.512524,325994.512524,0.0,251514.97223,258474.895908,6959.923678,-91587.596234,-3697.759897,-95285.356131,https://www.sedar.com/ModifyCompanyDocumentSearchForm.do?lang=EN&company_search=First Majestic Silver Corp&document_selection=0&industry_group=A&FromDate=13&FromMonth=05&FromYear=2000&ToDate=13&ToMonth=11&ToYear=2020&Variable=Issuer,https://www.sedar.com/ModifyCompanyDocumentSearchForm.do?lang=EN&company_search=First Majestic Silver Corp&document_selection=0&industry_group=A&FromDate=13&FromMonth=05&FromYear=2000&ToDate=13&ToMonth=11&ToYear=2020&Variable=Issuer
2003-06-30,FR.TO,USD,,2003-06-30,2003-06-30,2003,Q2,-358879.807613,0.0,0.0,0.0,23250.031057,0.0,0.0,0.0,0.0,305506.392078,-30123.384478,-18452.414038,0.0,0.0,0.0,33184.809712,14732.395674,0.0,0.0,0.0,0.0,0.0,0.0,0.0,-1001.5136620000003,6986.740709,7988.254371,-30123.384478,-18452.414038,-48575.798517,https://www.sedar.com/ModifyCompanyDocumentSearchForm.do?lang=EN&company_search=First Majestic Silver Corp&document_selection=0&industry_group=A&FromDate=13&FromMonth=05&FromYear=2000&ToDate=13&ToMonth=11&ToYear=2020&Variable=Issuer,https://www.sedar.com/ModifyCompanyDocumentSearchForm.do?lang=EN&company_search=First Majestic Silver Corp&document_selection=0&industry_group=A&FromDate=13&FromMonth=05&FromYear=2000&ToDate=13&ToMonth=11&ToYear=2020&Variable=Issuer
2003-03-31,FR.TO,USD,,2003-03-31,2003-03-31,2003,Q1,-9378.108436,0.0,0.0,0.0,57340.350207,0.0,0.0,0.0,0.0,-1319.211586999998,46643.030184,-92878.238076,0.0,0.0,0.0,-2245.541081000003,-95123.779157,0.0,0.0,0.0,0.0,0.0,0.0,0.0,-37623.473942,7988.254371,45611.728313,46643.030184,-92878.238076,-46235.207892,https://www.sedar.com/ModifyCompanyDocumentSearchForm.do?lang=EN&company_search=First Majestic Silver Corp&document_selection=0&industry_group=A&FromDate=13&FromMonth=05&FromYear=2000&ToDate=13&ToMonth=11&ToYear=2020&Variable=Issuer,https://www.sedar.com/ModifyCompanyDocumentSearchForm.do?lang=EN&company_search=First Majestic Silver Corp&document_selection=0&industry_group=A&FromDate=13&FromMonth=05&FromYear=2000&ToDate=13&ToMonth=11&ToYear=2020&Variable=Issuer
2002-12-31,FR.TO,USD,,2002-12-31,2002-12-31,2003,Q4,-14579.72064,0.0,0.0,0.0,25170.306729,0.0,0.0,0.0,0.0,-28.870773000000554,10561.715316,-42711.016851,0.0,0.0,0.0,-30939.268632,-73650.285483,0.0,0.0,0.0,0.0,0.0,0.0,0.0,-61887.72035,45611.728313,107499.448663,10561.715316,-42711.016851,-32149.301536,https://www.sedar.com/ModifyCompanyDocumentSearchForm.do?lang=EN&company_search=First Majestic Silver Corp&document_selection=0&industry_group=A&FromDate=13&FromMonth=05&FromYear=2000&ToDate=13&ToMonth=11&ToYear=2020&Variable=Issuer,https://www.sedar.com/ModifyCompanyDocumentSearchForm.do?lang=EN&company_search=First Majestic Silver Corp&document_selection=0&industry_group=A&FromDate=13&FromMonth=05&FromYear=2000&ToDate=13&ToMonth=11&ToYear=2020&Variable=Issuer
2002-09-30,FR.TO,USD,,2002-09-30,2002-09-30,2003,Q3,-3567.625469,0.0,0.0,0.0,2972.181091,0.0,0.0,0.0,0.0,1.1368683772161603e-13,-595.444378,-40296.777039,0.0,0.0,0.0,0.0,-40296.777039,0.0,0.0,0.0,0.0,0.0,0.0,0.0,-40892.22141700001,107499.448663,148391.67008,-595.444378,-40296.777039,-40892.221417,https://www.sedar.com/ModifyCompanyDocumentSearchForm.do?lang=EN&company_search=First Majestic Silver Corp&document_selection=0&industry_group=A&FromDate=13&FromMonth=05&FromYear=2000&ToDate=13&ToMonth=11&ToYear=2020&Variable=Issuer,https://www.sedar.com/ModifyCompanyDocumentSearchForm.do?lang=EN&company_search=First Majestic Silver Corp&document_selection=0&industry_group=A&FromDate=13&FromMonth=05&FromYear=2000&ToDate=13&ToMonth=11&ToYear=2020&Variable=Issuer
2002-06-30,FR.TO,USD,,2002-06-30,2002-06-30,2002,Q2,-31438.854648,0.0,0.0,0.0,-27542.084865,0.0,0.0,0.0,0.0,20170.128586000006,-38810.810927,-29433.828695,0.0,0.0,0.0,0.0,-29433.828695,0.0,156796.927943,0.0,0.0,0.0,156796.927943,0.0,89038.895761,155295.087372,66256.191611,-38810.810927,-29433.828695,-68244.639622,https://www.sedar.com/ModifyCompanyDocumentSearchForm.do?lang=EN&company_search=First Majestic Silver Corp&document_selection=0&industry_group=A&FromDate=13&FromMonth=05&FromYear=2000&ToDate=13&ToMonth=11&ToYear=2020&Variable=Issuer,https://www.sedar.com/ModifyCompanyDocumentSearchForm.do?lang=EN&company_search=First Majestic Silver Corp&document_selection=0&industry_group=A&FromDate=13&FromMonth=05&FromYear=2000&ToDate=13&ToMonth=11&ToYear=2020&Variable=Issuer
2002-03-31,FR.TO,USD,,2002-03-31,2002-03-31,2002,Q1,-9046.962192,0.0,0.0,0.0,803.885257,0.0,0.0,0.0,0.0,37.30949800000053,-8205.767437,69.002216,0.0,0.0,0.0,0.0,69.002216,0.0,0.0,0.0,0.0,68099.840402,68099.840402,0.0,59945.810827,66256.191611,6310.380784,-8205.767437,0.0,-8136.765221,https://www.sedar.com/ModifyCompanyDocumentSearchForm.do?lang=EN&company_search=First Majestic Silver Corp&document_selection=0&industry_group=A&FromDate=13&FromMonth=05&FromYear=2000&ToDate=13&ToMonth=11&ToYear=2020&Variable=Issuer,https://www.sedar.com/ModifyCompanyDocumentSearchForm.do?lang=EN&company_search=First Majestic Silver Corp&document_selection=0&industry_group=A&FromDate=13&FromMonth=05&FromYear=2000&ToDate=13&ToMonth=11&ToYear=2020&Variable=Issuer
2001-12-31,FR.TO,USD,,2001-12-31,2001-12-31,2002,Q4,-12970.012186,0.0,0.0,0.0,2689.667094,0.0,0.0,0.0,0.0,70.37260699999933,-10209.972485,0.0,0.0,0.0,0.0,-37688.91569,-37688.91569,0.0,0.0,0.0,0.0,47111.144612,47111.144612,0.0,-877.3173770000003,6310.380784,7187.698161,-10209.972485,0.0,-47898.888175,https://www.sedar.com/ModifyCompanyDocumentSearchForm.do?lang=EN&company_search=First Majestic Silver Corp&document_selection=0&industry_group=A&FromDate=13&FromMonth=05&FromYear=2000&ToDate=13&ToMonth=11&ToYear=2020&Variable=Issuer,https://www.sedar.com/ModifyCompanyDocumentSearchForm.do?lang=EN&company_search=First Majestic Silver Corp&document_selection=0&industry_group=A&FromDate=13&FromMonth=05&FromYear=2000&ToDate=13&ToMonth=11&ToYear=2020&Variable=Issuer
2001-09-30,FR.TO,USD,,2001-09-30,2001-09-30,2002,Q3,-7478.757134,0.0,0.0,0.0,5147.114775,0.0,0.0,0.0,0.0,4.547473508864641e-13,-2331.642359,0.0,0.0,0.0,0.0,0.0,0.0,0.0,0.0,0.0,0.0,0.0,0.0,0.0,-2331.6423589999995,7187.698161,9519.34052,-2331.642359,0.0,-2331.642359,https://www.sedar.com/ModifyCompanyDocumentSearchForm.do?lang=EN&company_search=First Majestic Silver Corp&document_selection=0&industry_group=A&FromDate=13&FromMonth=05&FromYear=2000&ToDate=13&ToMonth=11&ToYear=2020&Variable=Issuer,https://www.sedar.com/ModifyCompanyDocumentSearchForm.do?lang=EN&company_search=First Majestic Silver Corp&document_selection=0&industry_group=A&FromDate=13&FromMonth=05&FromYear=2000&ToDate=13&ToMonth=11&ToYear=2020&Variable=Issuer
