date,symbol,reportedCurrency,cik,fillingDate,acceptedDate,calendarYear,period,cashAndCashEquivalents,shortTermInvestments,cashAndShortTermInvestments,netReceivables,inventory,otherCurrentAssets,totalCurrentAssets,propertyPlantEquipmentNet,goodwill,intangibleAssets,goodwillAndIntangibleAssets,longTermInvestments,taxAssets,otherNonCurrentAssets,totalNonCurrentAssets,otherAssets,totalAssets,accountPayables,shortTermDebt,taxPayables,deferredRevenue,otherCurrentLiabilities,totalCurrentLiabilities,longTermDebt,deferredRevenueNonCurrent,deferredTaxLiabilitiesNonCurrent,otherNonCurrentLiabilities,totalNonCurrentLiabilities,otherLiabilities,capitalLeaseObligations,totalLiabilities,preferredStock,commonStock,retainedEarnings,accumulatedOtherComprehensiveIncomeLoss,othertotalStockholdersEquity,totalStockholdersEquity,totalLiabilitiesAndStockholdersEquity,minorityInterest,totalEquity,totalLiabilitiesAndTotalEquity,totalInvestments,totalDebt,netDebt,link,finalLink
2022-06-30,LUG.TO,USD,,2022-06-30,2022-06-30,2022,Q2,301032000.0,0.0,301032000.0,143907000.0,98718000.0,25679000.0,569336000.0,1003366000.0,0.0,0.0,0.0,0.0,17581000.0,73747000.0,1094694000.0,0.0,1664030000.0,64443000.0,211345000.0,34036000.0,0.0,39627000.0,315415000.0,406368000.0,0.0,1650000.0,30401000.0,438419000.0,0.0,0.0,753834000.0,0.0,986851000.0,-101540000.0,12037000.0,12848000.0,910196000.0,1664030000.0,0.0,910196000.0,1664030000.0,0.0,617713000.0,316681000.0,https://www.sedar.com/ModifyCompanyDocumentSearchForm.do?lang=EN&company_search=Lundin Gold Inc.&document_selection=0&industry_group=A&FromDate=13&FromMonth=05&FromYear=2000&ToDate=13&ToMonth=11&ToYear=2020&Variable=Issuer,https://www.sedar.com/ModifyCompanyDocumentSearchForm.do?lang=EN&company_search=Lundin Gold Inc.&document_selection=0&industry_group=A&FromDate=13&FromMonth=05&FromYear=2000&ToDate=13&ToMonth=11&ToYear=2020&Variable=Issuer
2022-03-31,LUG.TO,USD,,2022-03-31,2022-03-31,2022,Q1,336939000.0,0.0,336939000.0,163407000.0,86504000.0,28830000.0,615680000.0,1021400000.0,0.0,0.0,0.0,0.0,33824000.0,64319000.0,1119543000.0,0.0,1735223000.0,53739000.0,207243000.0,74828000.0,0.0,81018000.0,342000000.0,511911000.0,0.0,0.0,35180000.0,547091000.0,0.0,0.0,889091000.0,0.0,983349000.0,-157502000.0,8451000.0,11834000.0,846132000.0,1735223000.0,0.0,846132000.0,1735223000.0,0.0,719154000.0,382215000.0,https://www.sedar.com/ModifyCompanyDocumentSearchForm.do?lang=EN&company_search=Lundin Gold Inc.&document_selection=0&industry_group=A&FromDate=13&FromMonth=05&FromYear=2000&ToDate=13&ToMonth=11&ToYear=2020&Variable=Issuer,https://www.sedar.com/ModifyCompanyDocumentSearchForm.do?lang=EN&company_search=Lundin Gold Inc.&document_selection=0&industry_group=A&FromDate=13&FromMonth=05&FromYear=2000&ToDate=13&ToMonth=11&ToYear=2020&Variable=Issuer
2021-12-31,LUG.TO,USD,,2021-12-31,2021-12-31,2021,Q4,262608000.0,0.0,262608000.0,148309000.0,84946000.0,32374000.0,528237000.0,1042220000.0,0.0,0.0,0.0,0.0,31110000.0,83546000.0,1156876000.0,0.0,1685113000.0,13575000.0,184662000.0,54847000.0,0.0,112779000.0,311016000.0,528277000.0,0.0,0.0,31343000.0,559620000.0,0.0,0.0,870636000.0,0.0,974740000.0,-180684000.0,6851000.0,13570000.0,814477000.0,1685113000.0,0.0,814477000.0,1685113000.0,0.0,712939000.0,450331000.0,https://www.sedar.com/ModifyCompanyDocumentSearchForm.do?lang=EN&company_search=Lundin Gold Inc.&document_selection=0&industry_group=A&FromDate=13&FromMonth=05&FromYear=2000&ToDate=13&ToMonth=11&ToYear=2020&Variable=Issuer,https://www.sedar.com/ModifyCompanyDocumentSearchForm.do?lang=EN&company_search=Lundin Gold Inc.&document_selection=0&industry_group=A&FromDate=13&FromMonth=05&FromYear=2000&ToDate=13&ToMonth=11&ToYear=2020&Variable=Issuer
2021-09-30,LUG.TO,USD,,2021-09-30,2021-09-30,2021,Q3,221828000.0,0.0,221828000.0,132577000.0,72504000.0,30994000.0,457903000.0,1069466000.0,0.0,0.0,0.0,0.0,0.0,103461000.0,1172927000.0,0.0,1630830000.0,54276000.0,227873000.0,35586000.0,0.0,39615000.0,321764000.0,496425000.0,0.0,0.0,27904000.0,524329000.0,0.0,0.0,846093000.0,0.0,971985000.0,-209473000.0,9285000.0,12940000.0,784737000.0,1630830000.0,0.0,784737000.0,1630830000.0,0.0,724298000.0,502470000.0,https://www.sedar.com/ModifyCompanyDocumentSearchForm.do?lang=EN&company_search=Lundin Gold Inc.&document_selection=0&industry_group=A&FromDate=13&FromMonth=05&FromYear=2000&ToDate=13&ToMonth=11&ToYear=2020&Variable=Issuer,https://www.sedar.com/ModifyCompanyDocumentSearchForm.do?lang=EN&company_search=Lundin Gold Inc.&document_selection=0&industry_group=A&FromDate=13&FromMonth=05&FromYear=2000&ToDate=13&ToMonth=11&ToYear=2020&Variable=Issuer
2021-06-30,LUG.TO,USD,,2021-06-30,2021-06-30,2021,Q2,192200000.0,0.0,192200000.0,106619000.0,72652000.0,33384000.0,404855000.0,1077263000.0,0.0,0.0,0.0,0.0,0.0,108731000.0,1185994000.0,0.0,1590849000.0,58253000.0,212615000.0,21123000.0,0.0,24977000.0,295845000.0,534943000.0,0.0,0.0,28483000.0,563426000.0,0.0,0.0,859271000.0,0.0,968416000.0,-266146000.0,16284000.0,13024000.0,731578000.0,1590849000.0,0.0,731578000.0,1590849000.0,0.0,747558000.0,555358000.0,https://www.sedar.com/ModifyCompanyDocumentSearchForm.do?lang=EN&company_search=Lundin Gold Inc.&document_selection=0&industry_group=A&FromDate=13&FromMonth=05&FromYear=2000&ToDate=13&ToMonth=11&ToYear=2020&Variable=Issuer,https://www.sedar.com/ModifyCompanyDocumentSearchForm.do?lang=EN&company_search=Lundin Gold Inc.&document_selection=0&industry_group=A&FromDate=13&FromMonth=05&FromYear=2000&ToDate=13&ToMonth=11&ToYear=2020&Variable=Issuer
2021-03-31,LUG.TO,USD,,2021-03-31,2021-03-31,2021,Q1,94358000.0,0.0,94358000.0,97359000.0,74221000.0,41740000.0,307678000.0,1088499000.0,0.0,0.0,0.0,0.0,0.0,106538000.0,1195037000.0,0.0,1502715000.0,49180000.0,196668000.0,0.0,0.0,4259000.0,250107000.0,336159000.0,0.0,0.0,247193000.0,583352000.0,0.0,0.0,833459000.0,0.0,959952000.0,-316130000.0,12775000.0,12659000.0,669256000.0,1502715000.0,0.0,669256000.0,1502715000.0,0.0,532827000.0,438469000.0,https://www.sedar.com/ModifyCompanyDocumentSearchForm.do?lang=EN&company_search=Lundin Gold Inc.&document_selection=0&industry_group=A&FromDate=13&FromMonth=05&FromYear=2000&ToDate=13&ToMonth=11&ToYear=2020&Variable=Issuer,https://www.sedar.com/ModifyCompanyDocumentSearchForm.do?lang=EN&company_search=Lundin Gold Inc.&document_selection=0&industry_group=A&FromDate=13&FromMonth=05&FromYear=2000&ToDate=13&ToMonth=11&ToYear=2020&Variable=Issuer
2020-12-31,LUG.TO,USD,,2020-12-31,2020-12-31,2020,Q4,79592000.0,0.0,79592000.0,109734000.0,59910000.0,39763000.0,288999000.0,1103245000.0,0.0,0.0,0.0,0.0,0.0,113116000.0,1216361000.0,0.0,1505360000.0,14229000.0,178575000.0,0.0,0.0,39592000.0,232396000.0,650699000.0,0.0,0.0,35407000.0,686106000.0,0.0,0.0,918502000.0,0.0,951725000.0,-402110000.0,22511000.0,14732000.0,586858000.0,1505360000.0,0.0,586858000.0,1505360000.0,0.0,829274000.0,749682000.0,https://www.sedar.com/ModifyCompanyDocumentSearchForm.do?lang=EN&company_search=Lundin Gold Inc.&document_selection=0&industry_group=A&FromDate=13&FromMonth=05&FromYear=2000&ToDate=13&ToMonth=11&ToYear=2020&Variable=Issuer,https://www.sedar.com/ModifyCompanyDocumentSearchForm.do?lang=EN&company_search=Lundin Gold Inc.&document_selection=0&industry_group=A&FromDate=13&FromMonth=05&FromYear=2000&ToDate=13&ToMonth=11&ToYear=2020&Variable=Issuer
2020-09-30,LUG.TO,USD,,2020-09-30,2020-09-30,2020,Q3,68760000.0,0.0,68760000.0,73680000.0,64161000.0,32580000.0,239181000.0,1102861000.0,0.0,0.0,0.0,0.0,0.0,110028000.0,1212889000.0,0.0,1452070000.0,40226000.0,167783000.0,0.0,0.0,0.0,208009000.0,640987000.0,0.0,0.0,6627000.0,647614000.0,0.0,0.0,855623000.0,0.0,951164000.0,-400877000.0,31934000.0,14226000.0,596447000.0,1452070000.0,0.0,596447000.0,1452070000.0,0.0,808770000.0,740010000.0,https://www.sedar.com/ModifyCompanyDocumentSearchForm.do?lang=EN&company_search=Lundin Gold Inc.&document_selection=0&industry_group=A&FromDate=13&FromMonth=05&FromYear=2000&ToDate=13&ToMonth=11&ToYear=2020&Variable=Issuer,https://www.sedar.com/ModifyCompanyDocumentSearchForm.do?lang=EN&company_search=Lundin Gold Inc.&document_selection=0&industry_group=A&FromDate=13&FromMonth=05&FromYear=2000&ToDate=13&ToMonth=11&ToYear=2020&Variable=Issuer
2020-06-30,LUG.TO,USD,,2020-06-30,2020-06-30,2020,Q2,74205000.0,0.0,74205000.0,28476000.0,46100000.0,26930000.0,175711000.0,1122099000.0,0.0,0.0,0.0,0.0,0.0,109421000.0,1231520000.0,0.0,1407231000.0,43812000.0,139104000.0,0.0,0.0,0.0,182916000.0,651181000.0,0.0,0.0,6147000.0,657328000.0,0.0,0.0,840244000.0,0.0,950192000.0,-428657000.0,31716000.0,13736000.0,566987000.0,1407231000.0,0.0,566987000.0,1407231000.0,0.0,790285000.0,716080000.0,https://www.sedar.com/ModifyCompanyDocumentSearchForm.do?lang=EN&company_search=Lundin Gold Inc.&document_selection=0&industry_group=A&FromDate=13&FromMonth=05&FromYear=2000&ToDate=13&ToMonth=11&ToYear=2020&Variable=Issuer,https://www.sedar.com/ModifyCompanyDocumentSearchForm.do?lang=EN&company_search=Lundin Gold Inc.&document_selection=0&industry_group=A&FromDate=13&FromMonth=05&FromYear=2000&ToDate=13&ToMonth=11&ToYear=2020&Variable=Issuer
2020-03-31,LUG.TO,USD,,2020-03-31,2020-03-31,2020,Q1,57467000.0,0.0,57467000.0,75616000.0,44066000.0,26245000.0,203394000.0,1115061000.0,0.0,0.0,0.0,0.0,0.0,84737000.0,1199798000.0,0.0,1403192000.0,53788000.0,110025000.0,0.0,0.0,0.0,163813000.0,698226000.0,0.0,0.0,5943000.0,704169000.0,0.0,0.0,867982000.0,0.0,903764000.0,-364283000.0,-17689000.0,13418000.0,535210000.0,1403192000.0,0.0,535210000.0,1403192000.0,0.0,808251000.0,750784000.0,https://www.sedar.com/ModifyCompanyDocumentSearchForm.do?lang=EN&company_search=Lundin Gold Inc.&document_selection=0&industry_group=A&FromDate=13&FromMonth=05&FromYear=2000&ToDate=13&ToMonth=11&ToYear=2020&Variable=Issuer,https://www.sedar.com/ModifyCompanyDocumentSearchForm.do?lang=EN&company_search=Lundin Gold Inc.&document_selection=0&industry_group=A&FromDate=13&FromMonth=05&FromYear=2000&ToDate=13&ToMonth=11&ToYear=2020&Variable=Issuer
2019-12-31,LUG.TO,USD,,2019-12-31,2019-12-31,2019,Q4,75684000.0,0.0,75684000.0,47740000.0,0.0,25756000.0,149180000.0,1165647000.0,0.0,0.0,0.0,0.0,0.0,94134000.0,1259781000.0,0.0,1408961000.0,25306000.0,57578000.0,0.0,0.0,33496000.0,116380000.0,821008000.0,0.0,0.0,4751000.0,825759000.0,0.0,0.0,942139000.0,0.0,899903000.0,-354952000.0,-92247000.0,14118000.0,466822000.0,1408961000.0,0.0,466822000.0,1408961000.0,0.0,878586000.0,802902000.0,https://www.sedar.com/ModifyCompanyDocumentSearchForm.do?lang=EN&company_search=Lundin Gold Inc.&document_selection=0&industry_group=A&FromDate=13&FromMonth=05&FromYear=2000&ToDate=13&ToMonth=11&ToYear=2020&Variable=Issuer,https://www.sedar.com/ModifyCompanyDocumentSearchForm.do?lang=EN&company_search=Lundin Gold Inc.&document_selection=0&industry_group=A&FromDate=13&FromMonth=05&FromYear=2000&ToDate=13&ToMonth=11&ToYear=2020&Variable=Issuer
2019-09-30,LUG.TO,USD,,2019-09-30,2019-09-30,2019,Q3,130235000.0,0.0,130235000.0,15433000.0,0.0,25680000.0,171348000.0,1069004000.0,0.0,0.0,0.0,0.0,0.0,104176000.0,1173180000.0,0.0,1344528000.0,46762000.0,0.0,0.0,0.0,0.0,46762000.0,745128000.0,0.0,0.0,32050000.0,777178000.0,0.0,0.0,823940000.0,0.0,897905000.0,-314187000.0,-77072000.0,13942000.0,520588000.0,1344528000.0,0.0,520588000.0,1344528000.0,0.0,745128000.0,614893000.0,https://www.sedar.com/ModifyCompanyDocumentSearchForm.do?lang=EN&company_search=Lundin Gold Inc.&document_selection=0&industry_group=A&FromDate=13&FromMonth=05&FromYear=2000&ToDate=13&ToMonth=11&ToYear=2020&Variable=Issuer,https://www.sedar.com/ModifyCompanyDocumentSearchForm.do?lang=EN&company_search=Lundin Gold Inc.&document_selection=0&industry_group=A&FromDate=13&FromMonth=05&FromYear=2000&ToDate=13&ToMonth=11&ToYear=2020&Variable=Issuer
2019-06-30,LUG.TO,USD,,2019-06-30,2019-06-30,2019,Q2,251500000.0,0.0,251500000.0,4100000.0,0.0,17530000.0,273130000.0,960958000.0,0.0,0.0,0.0,0.0,0.0,109711000.0,1070669000.0,0.0,1343799000.0,10793000.0,0.0,0.0,0.0,40281000.0,51074000.0,700946000.0,0.0,0.0,26295000.0,727241000.0,0.0,0.0,778315000.0,0.0,895562000.0,-274515000.0,-69175000.0,13612000.0,565484000.0,1343799000.0,0.0,565484000.0,1343799000.0,0.0,700946000.0,449446000.0,https://www.sedar.com/ModifyCompanyDocumentSearchForm.do?lang=EN&company_search=Lundin Gold Inc.&document_selection=0&industry_group=A&FromDate=13&FromMonth=05&FromYear=2000&ToDate=13&ToMonth=11&ToYear=2020&Variable=Issuer,https://www.sedar.com/ModifyCompanyDocumentSearchForm.do?lang=EN&company_search=Lundin Gold Inc.&document_selection=0&industry_group=A&FromDate=13&FromMonth=05&FromYear=2000&ToDate=13&ToMonth=11&ToYear=2020&Variable=Issuer
2019-03-31,LUG.TO,USD,,2019-03-31,2019-03-31,2019,Q1,82962000.0,0.0,82962000.0,0.0,0.0,33968000.0,116930000.0,844151000.0,0.0,0.0,0.0,0.0,0.0,101850000.0,946001000.0,0.0,1062931000.0,8730000.0,0.0,0.0,0.0,48311000.0,57041000.0,388106000.0,0.0,0.0,4453000.0,392559000.0,0.0,0.0,449600000.0,0.0,893114000.0,-243718000.0,-49155000.0,13090000.0,613331000.0,1062931000.0,0.0,613331000.0,1062931000.0,0.0,388106000.0,305144000.0,https://www.sedar.com/ModifyCompanyDocumentSearchForm.do?lang=EN&company_search=Lundin Gold Inc.&document_selection=0&industry_group=A&FromDate=13&FromMonth=05&FromYear=2000&ToDate=13&ToMonth=11&ToYear=2020&Variable=Issuer,https://www.sedar.com/ModifyCompanyDocumentSearchForm.do?lang=EN&company_search=Lundin Gold Inc.&document_selection=0&industry_group=A&FromDate=13&FromMonth=05&FromYear=2000&ToDate=13&ToMonth=11&ToYear=2020&Variable=Issuer
2018-12-31,LUG.TO,USD,,2018-12-31,2018-12-31,2018,Q4,167513000.0,0.0,167513000.0,0.0,0.0,31485000.0,198998000.0,721586000.0,0.0,0.0,0.0,0.0,0.0,91877000.0,813463000.0,0.0,1012461000.0,12869000.0,0.0,0.0,0.0,32943000.0,45812000.0,364252000.0,0.0,0.0,4353000.0,368605000.0,0.0,0.0,414417000.0,0.0,857279000.0,-236007000.0,-35353000.0,12125000.0,598044000.0,1012461000.0,0.0,598044000.0,1012461000.0,0.0,364252000.0,196739000.0,https://www.sedar.com/ModifyCompanyDocumentSearchForm.do?lang=EN&company_search=Lundin Gold Inc.&document_selection=0&industry_group=A&FromDate=13&FromMonth=05&FromYear=2000&ToDate=13&ToMonth=11&ToYear=2020&Variable=Issuer,https://www.sedar.com/ModifyCompanyDocumentSearchForm.do?lang=EN&company_search=Lundin Gold Inc.&document_selection=0&industry_group=A&FromDate=13&FromMonth=05&FromYear=2000&ToDate=13&ToMonth=11&ToYear=2020&Variable=Issuer
2018-09-30,LUG.TO,USD,,2018-09-30,2018-09-30,2018,Q3,291599000.0,0.0,291599000.0,0.0,0.0,27234000.0,318833000.0,625598000.0,0.0,0.0,0.0,0.0,0.0,62856000.0,688454000.0,0.0,1007287000.0,28435000.0,0.0,0.0,0.0,0.0,28435000.0,351591000.0,0.0,0.0,21194000.0,372785000.0,0.0,0.0,401220000.0,0.0,857308000.0,-212516000.0,-50303000.0,11578000.0,606067000.0,1007287000.0,0.0,606067000.0,1007287000.0,0.0,351591000.0,59992000.0,https://www.sedar.com/ModifyCompanyDocumentSearchForm.do?lang=EN&company_search=Lundin Gold Inc.&document_selection=0&industry_group=A&FromDate=13&FromMonth=05&FromYear=2000&ToDate=13&ToMonth=11&ToYear=2020&Variable=Issuer,https://www.sedar.com/ModifyCompanyDocumentSearchForm.do?lang=EN&company_search=Lundin Gold Inc.&document_selection=0&industry_group=A&FromDate=13&FromMonth=05&FromYear=2000&ToDate=13&ToMonth=11&ToYear=2020&Variable=Issuer
2018-06-30,LUG.TO,USD,,2018-06-30,2018-06-30,2018,Q2,393488000.0,0.0,393488000.0,0.0,0.0,9233000.0,402721000.0,536964000.0,0.0,0.0,0.0,0.0,0.0,54898000.0,591862000.0,0.0,994583000.0,25456000.0,0.0,0.0,0.0,0.0,25456000.0,349032000.0,0.0,0.0,15014000.0,364046000.0,0.0,0.0,389502000.0,0.0,857308000.0,-219786000.0,-43315000.0,10874000.0,605081000.0,994583000.0,0.0,605081000.0,994583000.0,0.0,349032000.0,-44456000.0,https://www.sedar.com/ModifyCompanyDocumentSearchForm.do?lang=EN&company_search=Lundin Gold Inc.&document_selection=0&industry_group=A&FromDate=13&FromMonth=05&FromYear=2000&ToDate=13&ToMonth=11&ToYear=2020&Variable=Issuer,https://www.sedar.com/ModifyCompanyDocumentSearchForm.do?lang=EN&company_search=Lundin Gold Inc.&document_selection=0&industry_group=A&FromDate=13&FromMonth=05&FromYear=2000&ToDate=13&ToMonth=11&ToYear=2020&Variable=Issuer
2018-03-31,LUG.TO,USD,,2018-03-31,2018-03-31,2018,Q1,475667000.0,0.0,475667000.0,0.0,0.0,10646000.0,486313000.0,457576000.0,0.0,0.0,0.0,0.0,0.0,45000000.0,502576000.0,0.0,988889000.0,25984000.0,0.0,0.0,0.0,0.0,25984000.0,376218000.0,0.0,0.0,11504000.0,387722000.0,0.0,0.0,413706000.0,0.0,857306000.0,-239527000.0,-52674000.0,10078000.0,575183000.0,988889000.0,0.0,575183000.0,988889000.0,0.0,376218000.0,-99449000.0,https://www.sedar.com/ModifyCompanyDocumentSearchForm.do?lang=EN&company_search=Lundin Gold Inc.&document_selection=0&industry_group=A&FromDate=13&FromMonth=05&FromYear=2000&ToDate=13&ToMonth=11&ToYear=2020&Variable=Issuer,https://www.sedar.com/ModifyCompanyDocumentSearchForm.do?lang=EN&company_search=Lundin Gold Inc.&document_selection=0&industry_group=A&FromDate=13&FromMonth=05&FromYear=2000&ToDate=13&ToMonth=11&ToYear=2020&Variable=Issuer
2017-12-31,LUG.TO,USD,,2017-12-31,2017-12-31,2017,Q4,35018000.0,0.0,35018000.0,0.0,0.0,12726000.0,47744000.0,388985000.0,0.0,0.0,0.0,0.0,0.0,45000000.0,433985000.0,0.0,481729000.0,20950000.0,0.0,0.0,0.0,0.0,20950000.0,217940000.0,0.0,0.0,7990000.0,225930000.0,0.0,0.0,246880000.0,0.0,460856000.0,-224190000.0,-11364000.0,9547000.0,234849000.0,481729000.0,0.0,234849000.0,481729000.0,0.0,217940000.0,182922000.0,https://www.sedar.com/ModifyCompanyDocumentSearchForm.do?lang=EN&company_search=Lundin Gold Inc.&document_selection=0&industry_group=A&FromDate=13&FromMonth=05&FromYear=2000&ToDate=13&ToMonth=11&ToYear=2020&Variable=Issuer,https://www.sedar.com/ModifyCompanyDocumentSearchForm.do?lang=EN&company_search=Lundin Gold Inc.&document_selection=0&industry_group=A&FromDate=13&FromMonth=05&FromYear=2000&ToDate=13&ToMonth=11&ToYear=2020&Variable=Issuer
2017-09-30,LUG.TO,USD,,2017-09-30,2017-09-30,2017,Q3,62951013.0,0.0,62951013.0,0.0,0.0,12745815.0,75696828.0,332981208.0,0.0,0.0,0.0,0.0,0.0,25519731.0,358500939.0,0.0,434197767.0,9500615.0,0.0,0.0,0.0,0.0,9500615.0,163591371.0,0.0,0.0,7146640.0,170738011.0,0.0,0.0,180238626.0,0.0,460856010.0,-204685217.0,-11224738.0,9013086.0,253959141.0,434197767.0,0.0,253959141.0,434197767.0,0.0,163591371.0,100640358.0,https://www.sedar.com/ModifyCompanyDocumentSearchForm.do?lang=EN&company_search=Lundin Gold Inc.&document_selection=0&industry_group=A&FromDate=13&FromMonth=05&FromYear=2000&ToDate=13&ToMonth=11&ToYear=2020&Variable=Issuer,https://www.sedar.com/ModifyCompanyDocumentSearchForm.do?lang=EN&company_search=Lundin Gold Inc.&document_selection=0&industry_group=A&FromDate=13&FromMonth=05&FromYear=2000&ToDate=13&ToMonth=11&ToYear=2020&Variable=Issuer
2017-06-30,LUG.TO,USD,,2017-06-30,2017-06-30,2017,Q2,134336190.0,0.0,134336190.0,0.0,0.0,12663792.0,146999982.0,288837730.0,0.0,0.0,0.0,0.0,0.0,25000000.0,313837730.0,0.0,460837712.0,11376010.0,28600000.0,0.0,0.0,0.0,39976010.0,150996732.0,0.0,0.0,3995506.0,154992238.0,0.0,0.0,194968248.0,0.0,457709359.0,-188653456.0,-12087362.0,8900923.0,265869464.0,460837712.0,0.0,265869464.0,460837712.0,0.0,179596732.0,45260542.0,https://www.sedar.com/ModifyCompanyDocumentSearchForm.do?lang=EN&company_search=Lundin Gold Inc.&document_selection=0&industry_group=A&FromDate=13&FromMonth=05&FromYear=2000&ToDate=13&ToMonth=11&ToYear=2020&Variable=Issuer,https://www.sedar.com/ModifyCompanyDocumentSearchForm.do?lang=EN&company_search=Lundin Gold Inc.&document_selection=0&industry_group=A&FromDate=13&FromMonth=05&FromYear=2000&ToDate=13&ToMonth=11&ToYear=2020&Variable=Issuer
2017-03-31,LUG.TO,USD,,2017-03-31,2017-03-31,2017,Q1,8414833.0,0.0,8414833.0,0.0,0.0,791408.0,9206241.0,261588832.0,0.0,0.0,0.0,0.0,0.0,25000000.0,286588832.0,0.0,295795073.0,9095782.0,18886789.0,0.0,0.0,0.0,27982571.0,0.0,0.0,0.0,3170129.0,3170129.0,0.0,0.0,31152700.0,0.0,457236894.0,-189437798.0,-11314952.0,8158229.0,264642373.0,295795073.0,0.0,264642373.0,295795073.0,0.0,18886789.0,10471956.0,https://www.sedar.com/ModifyCompanyDocumentSearchForm.do?lang=EN&company_search=Lundin Gold Inc.&document_selection=0&industry_group=A&FromDate=13&FromMonth=05&FromYear=2000&ToDate=13&ToMonth=11&ToYear=2020&Variable=Issuer,https://www.sedar.com/ModifyCompanyDocumentSearchForm.do?lang=EN&company_search=Lundin Gold Inc.&document_selection=0&industry_group=A&FromDate=13&FromMonth=05&FromYear=2000&ToDate=13&ToMonth=11&ToYear=2020&Variable=Issuer
2016-12-31,LUG.TO,USD,,2016-12-31,2016-12-31,2016,Q4,8503476.0,0.0,8503476.0,0.0,0.0,706982.0,9210458.0,244695741.0,0.0,0.0,0.0,0.0,0.0,25000000.0,269695741.0,0.0,278906199.0,8188403.0,0.0,0.0,0.0,0.0,8188403.0,0.0,0.0,0.0,973831.0,973831.0,0.0,0.0,9162234.0,0.0,456750048.0,-183050358.0,-11377657.0,7421932.0,269743965.0,278906199.0,0.0,269743965.0,278906199.0,0.0,0.0,-8503476.0,https://www.sedar.com/ModifyCompanyDocumentSearchForm.do?lang=EN&company_search=Lundin Gold Inc.&document_selection=0&industry_group=A&FromDate=13&FromMonth=05&FromYear=2000&ToDate=13&ToMonth=11&ToYear=2020&Variable=Issuer,https://www.sedar.com/ModifyCompanyDocumentSearchForm.do?lang=EN&company_search=Lundin Gold Inc.&document_selection=0&industry_group=A&FromDate=13&FromMonth=05&FromYear=2000&ToDate=13&ToMonth=11&ToYear=2020&Variable=Issuer
2016-09-30,LUG.TO,USD,,2016-09-30,2016-09-30,2016,Q3,54849493.0,0.0,54849493.0,0.0,0.0,524611.0,55374104.0,244820437.0,0.0,0.0,0.0,0.0,0.0,0.0,244820437.0,0.0,300194541.0,5471339.0,0.0,0.0,0.0,0.0,5471339.0,0.0,0.0,0.0,947022.0,947022.0,0.0,0.0,6418361.0,0.0,456466232.0,-159161660.0,-10420431.0,6892039.0,293776180.0,300194541.0,0.0,293776180.0,300194541.0,0.0,0.0,-54849493.0,https://www.sedar.com/ModifyCompanyDocumentSearchForm.do?lang=EN&company_search=Lundin Gold Inc.&document_selection=0&industry_group=A&FromDate=13&FromMonth=05&FromYear=2000&ToDate=13&ToMonth=11&ToYear=2020&Variable=Issuer,https://www.sedar.com/ModifyCompanyDocumentSearchForm.do?lang=EN&company_search=Lundin Gold Inc.&document_selection=0&industry_group=A&FromDate=13&FromMonth=05&FromYear=2000&ToDate=13&ToMonth=11&ToYear=2020&Variable=Issuer
2016-06-30,LUG.TO,USD,,2016-06-30,2016-06-30,2016,Q2,3989441.0,0.0,3989441.0,0.0,0.0,584685.0,4574126.0,245061704.0,0.0,0.0,0.0,0.0,0.0,0.0,245061704.0,0.0,249635830.0,5158548.0,7950776.0,0.0,0.0,0.0,13109324.0,0.0,0.0,0.0,920212.0,920212.0,0.0,0.0,14029536.0,0.0,386765076.0,-147376646.0,-10286965.0,6504829.0,235606294.0,249635830.0,0.0,235606294.0,249635830.0,0.0,7950776.0,3961335.0,https://www.sedar.com/ModifyCompanyDocumentSearchForm.do?lang=EN&company_search=Lundin Gold Inc.&document_selection=0&industry_group=A&FromDate=13&FromMonth=05&FromYear=2000&ToDate=13&ToMonth=11&ToYear=2020&Variable=Issuer,https://www.sedar.com/ModifyCompanyDocumentSearchForm.do?lang=EN&company_search=Lundin Gold Inc.&document_selection=0&industry_group=A&FromDate=13&FromMonth=05&FromYear=2000&ToDate=13&ToMonth=11&ToYear=2020&Variable=Issuer
2016-03-31,LUG.TO,USD,,2016-03-31,2016-03-31,2016,Q1,7809280.0,0.0,7809280.0,0.0,0.0,628835.0,8438115.0,245178655.0,0.0,0.0,0.0,0.0,0.0,0.0,245178655.0,0.0,253616770.0,5515807.0,0.0,0.0,0.0,0.0,5515807.0,0.0,0.0,0.0,893403.0,893403.0,0.0,0.0,6409210.0,0.0,386675284.0,-134946070.0,-10200435.0,5678781.0,247207560.0,253616770.0,0.0,247207560.0,253616770.0,0.0,0.0,-7809280.0,https://www.sedar.com/ModifyCompanyDocumentSearchForm.do?lang=EN&company_search=Lundin Gold Inc.&document_selection=0&industry_group=A&FromDate=13&FromMonth=05&FromYear=2000&ToDate=13&ToMonth=11&ToYear=2020&Variable=Issuer,https://www.sedar.com/ModifyCompanyDocumentSearchForm.do?lang=EN&company_search=Lundin Gold Inc.&document_selection=0&industry_group=A&FromDate=13&FromMonth=05&FromYear=2000&ToDate=13&ToMonth=11&ToYear=2020&Variable=Issuer
2015-12-31,LUG.TO,USD,,2015-12-31,2015-12-31,2015,Q4,21360228.0,0.0,21360228.0,0.0,0.0,608297.0,21968525.0,245431005.0,0.0,0.0,0.0,0.0,0.0,0.0,245431005.0,0.0,267399530.0,2535241.0,0.0,0.0,0.0,3119259.0,5654500.0,0.0,0.0,0.0,866593.0,866593.0,0.0,0.0,6521093.0,0.0,386675284.0,-120236539.0,-10572699.0,5012391.0,260878437.0,267399530.0,0.0,260878437.0,267399530.0,0.0,0.0,-21360228.0,https://www.sedar.com/ModifyCompanyDocumentSearchForm.do?lang=EN&company_search=Lundin Gold Inc.&document_selection=0&industry_group=A&FromDate=13&FromMonth=05&FromYear=2000&ToDate=13&ToMonth=11&ToYear=2020&Variable=Issuer,https://www.sedar.com/ModifyCompanyDocumentSearchForm.do?lang=EN&company_search=Lundin Gold Inc.&document_selection=0&industry_group=A&FromDate=13&FromMonth=05&FromYear=2000&ToDate=13&ToMonth=11&ToYear=2020&Variable=Issuer
2015-09-30,LUG.TO,USD,,2015-09-30,2015-09-30,2015,Q3,31583008.0,0.0,31583008.0,0.0,0.0,664584.0,32247592.0,245693593.0,0.0,0.0,0.0,0.0,0.0,0.0,245693593.0,0.0,277941185.0,323193.0,0.0,0.0,0.0,2751832.0,3075025.0,0.0,0.0,0.0,848217.0,848217.0,0.0,0.0,3923242.0,0.0,386675284.0,-107475598.0,-9884927.0,4703184.0,274017943.0,277941185.0,0.0,274017943.0,277941185.0,0.0,0.0,-31583008.0,https://www.sedar.com/ModifyCompanyDocumentSearchForm.do?lang=EN&company_search=Lundin Gold Inc.&document_selection=0&industry_group=A&FromDate=13&FromMonth=05&FromYear=2000&ToDate=13&ToMonth=11&ToYear=2020&Variable=Issuer,https://www.sedar.com/ModifyCompanyDocumentSearchForm.do?lang=EN&company_search=Lundin Gold Inc.&document_selection=0&industry_group=A&FromDate=13&FromMonth=05&FromYear=2000&ToDate=13&ToMonth=11&ToYear=2020&Variable=Issuer
2015-06-30,LUG.TO,USD,,2015-06-30,2015-06-30,2015,Q2,47897030.0,0.0,47897030.0,753837.0,0.0,0.0,48650867.0,245961170.0,0.0,0.0,0.0,0.0,0.0,0.0,245961170.0,0.0,294612037.0,2874640.0,0.0,0.0,0.0,3299613.0,6174253.0,0.0,0.0,0.0,829840.0,829840.0,0.0,0.0,7004093.0,0.0,386570147.0,-95872711.0,-7344735.0,4255243.0,287607944.0,294612037.0,0.0,287607944.0,294612037.0,0.0,0.0,-47897030.0,https://www.sedar.com/ModifyCompanyDocumentSearchForm.do?lang=EN&company_search=Lundin Gold Inc.&document_selection=0&industry_group=A&FromDate=13&FromMonth=05&FromYear=2000&ToDate=13&ToMonth=11&ToYear=2020&Variable=Issuer,https://www.sedar.com/ModifyCompanyDocumentSearchForm.do?lang=EN&company_search=Lundin Gold Inc.&document_selection=0&industry_group=A&FromDate=13&FromMonth=05&FromYear=2000&ToDate=13&ToMonth=11&ToYear=2020&Variable=Issuer
2015-03-31,LUG.TO,USD,,2015-03-31,2015-03-31,2015,Q1,57830697.0,0.0,57830697.0,849600.0,0.0,0.0,58680297.0,246111720.0,0.0,0.0,0.0,0.0,0.0,0.0,246111720.0,0.0,304792017.0,760831.0,0.0,0.0,0.0,1601607.0,2362438.0,0.0,0.0,0.0,811464.0,811464.0,0.0,0.0,3173902.0,0.0,386315842.0,-79974756.0,-8236409.0,3513438.0,301618115.0,304792017.0,0.0,301618115.0,304792017.0,0.0,0.0,-57830697.0,https://www.sedar.com/ModifyCompanyDocumentSearchForm.do?lang=EN&company_search=Lundin Gold Inc.&document_selection=0&industry_group=A&FromDate=13&FromMonth=05&FromYear=2000&ToDate=13&ToMonth=11&ToYear=2020&Variable=Issuer,https://www.sedar.com/ModifyCompanyDocumentSearchForm.do?lang=EN&company_search=Lundin Gold Inc.&document_selection=0&industry_group=A&FromDate=13&FromMonth=05&FromYear=2000&ToDate=13&ToMonth=11&ToYear=2020&Variable=Issuer
2014-12-31,LUG.TO,USD,,2014-12-31,2014-12-31,2014,Q4,70919477.0,0.0,70919477.0,728140.0,0.0,0.0,71647617.0,246385327.0,0.0,0.0,0.0,0.0,0.0,0.0,246385327.0,0.0,318032944.0,626493.0,0.0,0.0,0.0,5043816.0,5670309.0,0.0,0.0,0.0,793087.0,793087.0,0.0,0.0,6463396.0,0.0,386315842.0,-74912677.0,-2839998.0,3006381.0,311569548.0,318032944.0,0.0,311569548.0,318032944.0,0.0,0.0,-70919477.0,https://www.sedar.com/ModifyCompanyDocumentSearchForm.do?lang=EN&company_search=Lundin Gold Inc.&document_selection=0&industry_group=A&FromDate=13&FromMonth=05&FromYear=2000&ToDate=13&ToMonth=11&ToYear=2020&Variable=Issuer,https://www.sedar.com/ModifyCompanyDocumentSearchForm.do?lang=EN&company_search=Lundin Gold Inc.&document_selection=0&industry_group=A&FromDate=13&FromMonth=05&FromYear=2000&ToDate=13&ToMonth=11&ToYear=2020&Variable=Issuer
2014-09-30,LUG.TO,USD,,2014-09-30,2014-09-30,2014,Q3,17933793.832536,0.0,17933793.832536,13775.555914,0.0,293790.4280669987,18241359.816517,0.0,0.0,0.0,0.0,0.0,0.0,0.0,0.0,0.0,18241359.816517,394109.37304,0.0,0.0,0.0,79428.04924000002,473537.42228,0.0,0.0,0.0,0.0,0.0,0.0,0.0,473537.42228,0.0,87753169.739648,-72646908.20477,5856.582272,2655704.2770869993,17767822.394237,18241359.816517,0.0,17767822.394237,18241359.816517,0.0,0.0,-17933793.832536,https://www.sedar.com/ModifyCompanyDocumentSearchForm.do?lang=EN&company_search=Lundin Gold Inc.&document_selection=0&industry_group=A&FromDate=13&FromMonth=05&FromYear=2000&ToDate=13&ToMonth=11&ToYear=2020&Variable=Issuer,https://www.sedar.com/ModifyCompanyDocumentSearchForm.do?lang=EN&company_search=Lundin Gold Inc.&document_selection=0&industry_group=A&FromDate=13&FromMonth=05&FromYear=2000&ToDate=13&ToMonth=11&ToYear=2020&Variable=Issuer
2014-06-30,LUG.TO,USD,,2014-06-30,2014-06-30,2014,Q2,19836560.470152,0.0,19836560.470152,27528.611197,0.0,3046.2371939979494,19867135.318543,0.0,0.0,0.0,0.0,0.0,0.0,0.0,0.0,0.0,19867135.318543,702015.203067,0.0,0.0,0.0,0.0,702015.203067,0.0,0.0,0.0,0.0,0.0,0.0,0.0,702015.203067,0.0,91807340.025682,-75169805.696932,6127.154627,2521458.6320990007,19165120.115476,19867135.318543002,-2e-09,19165120.115476,19867135.318543,0.0,0.0,-19836560.470152,https://www.sedar.com/ModifyCompanyDocumentSearchForm.do?lang=EN&company_search=Lundin Gold Inc.&document_selection=0&industry_group=A&FromDate=13&FromMonth=05&FromYear=2000&ToDate=13&ToMonth=11&ToYear=2020&Variable=Issuer,https://www.sedar.com/ModifyCompanyDocumentSearchForm.do?lang=EN&company_search=Lundin Gold Inc.&document_selection=0&industry_group=A&FromDate=13&FromMonth=05&FromYear=2000&ToDate=13&ToMonth=11&ToYear=2020&Variable=Issuer
2014-03-31,LUG.TO,USD,,2014-03-31,2014-03-31,2014,Q1,19260178.400188,0.0,19260178.400188,31291.501565,0.0,5880.330746002495,19297350.232499,0.0,0.0,0.0,0.0,0.0,0.0,0.0,0.0,0.0,19297350.232499,54496.191355,0.0,0.0,0.0,0.0,54496.191355,0.0,0.0,0.0,0.0,0.0,0.0,0.0,54496.191355,0.0,88610552.932023,-71443050.353725,5913.803398,2069437.6594479978,19242854.041144,19297350.232499,0.0,19242854.041144,19297350.232499,0.0,0.0,-19260178.400188,https://www.sedar.com/ModifyCompanyDocumentSearchForm.do?lang=EN&company_search=Lundin Gold Inc.&document_selection=0&industry_group=A&FromDate=13&FromMonth=05&FromYear=2000&ToDate=13&ToMonth=11&ToYear=2020&Variable=Issuer,https://www.sedar.com/ModifyCompanyDocumentSearchForm.do?lang=EN&company_search=Lundin Gold Inc.&document_selection=0&industry_group=A&FromDate=13&FromMonth=05&FromYear=2000&ToDate=13&ToMonth=11&ToYear=2020&Variable=Issuer
2013-12-31,LUG.TO,USD,,2013-12-31,2013-12-31,2013,Q4,21304698.667318,0.0,21304698.667318,26185.936869,0.0,9156.90712499991,21340041.511312,0.0,0.0,0.0,0.0,0.0,0.0,0.0,0.0,0.0,21340041.511312,69878.001822,0.0,0.0,0.0,0.0,69878.001822,0.0,0.0,0.0,0.0,0.0,0.0,0.0,69878.001822,0.0,91990132.141214,-72874473.360444,6139.354039,2148365.374680996,21270163.50949,21340041.511311997,3e-09,21270163.50949,21340041.511312,0.0,0.0,-21304698.667318,https://www.sedar.com/ModifyCompanyDocumentSearchForm.do?lang=EN&company_search=Lundin Gold Inc.&document_selection=0&industry_group=A&FromDate=13&FromMonth=05&FromYear=2000&ToDate=13&ToMonth=11&ToYear=2020&Variable=Issuer,https://www.sedar.com/ModifyCompanyDocumentSearchForm.do?lang=EN&company_search=Lundin Gold Inc.&document_selection=0&industry_group=A&FromDate=13&FromMonth=05&FromYear=2000&ToDate=13&ToMonth=11&ToYear=2020&Variable=Issuer
2013-09-30,LUG.TO,USD,,2013-09-30,2013-09-30,2013,Q3,22028188.797767,0.0,22028188.797767,24156.14882,0.0,12795.905310001224,22065140.851897,0.0,0.0,0.0,0.0,0.0,0.0,0.0,0.0,0.0,22065140.851897,24030.128541,0.0,0.0,0.0,0.0,24030.128541,0.0,0.0,0.0,0.0,0.0,0.0,0.0,24030.128541,0.0,94949817.755288,-75126899.513368,6602.493263,2211589.988172993,22041110.723356,22065140.851897,0.0,22041110.723356,22065140.851897,0.0,0.0,-22028188.797767,https://www.sedar.com/ModifyCompanyDocumentSearchForm.do?lang=EN&company_search=Lundin Gold Inc.&document_selection=0&industry_group=A&FromDate=13&FromMonth=05&FromYear=2000&ToDate=13&ToMonth=11&ToYear=2020&Variable=Issuer,https://www.sedar.com/ModifyCompanyDocumentSearchForm.do?lang=EN&company_search=Lundin Gold Inc.&document_selection=0&industry_group=A&FromDate=13&FromMonth=05&FromYear=2000&ToDate=13&ToMonth=11&ToYear=2020&Variable=Issuer
2013-06-30,LUG.TO,USD,,2013-06-30,2013-06-30,2013,Q2,21659519.46472,0.0,21659519.46472,34478.596411,0.0,3278.968977998942,21697277.030109,0.0,0.0,0.0,0.0,0.0,0.0,0.0,0.0,0.0,21697277.030109,9854.965024,0.0,0.0,0.0,0.0,9854.965024,0.0,0.0,0.0,0.0,0.0,0.0,0.0,9854.965024,0.0,93092621.844586,-73570935.028893,6245.247871,2159490.001520995,21687422.065085,21697277.030109,0.0,21687422.065085,21697277.030109,0.0,0.0,-21659519.46472,https://www.sedar.com/ModifyCompanyDocumentSearchForm.do?lang=EN&company_search=Lundin Gold Inc.&document_selection=0&industry_group=A&FromDate=13&FromMonth=05&FromYear=2000&ToDate=13&ToMonth=11&ToYear=2020&Variable=Issuer,https://www.sedar.com/ModifyCompanyDocumentSearchForm.do?lang=EN&company_search=Lundin Gold Inc.&document_selection=0&industry_group=A&FromDate=13&FromMonth=05&FromYear=2000&ToDate=13&ToMonth=11&ToYear=2020&Variable=Issuer
2013-03-31,LUG.TO,USD,,2013-03-31,2013-03-31,2013,Q1,22419561.649221,0.0,22419561.649221,30964.666568,0.0,6585.090176999569,22457111.405966,0.0,0.0,0.0,0.0,0.0,0.0,0.0,0.0,0.0,22457111.405966,14649.368519,0.0,0.0,0.0,0.0,14649.368519,0.0,0.0,0.0,0.0,0.0,0.0,0.0,14649.368519,0.0,96268448.572411,-76047158.091307,6449.456976,2214722.099367,22442462.037447,22457111.405966002,-2e-09,22442462.037447,22457111.405966,0.0,0.0,-22419561.649221,https://www.sedar.com/ModifyCompanyDocumentSearchForm.do?lang=EN&company_search=Lundin Gold Inc.&document_selection=0&industry_group=A&FromDate=13&FromMonth=05&FromYear=2000&ToDate=13&ToMonth=11&ToYear=2020&Variable=Issuer,https://www.sedar.com/ModifyCompanyDocumentSearchForm.do?lang=EN&company_search=Lundin Gold Inc.&document_selection=0&industry_group=A&FromDate=13&FromMonth=05&FromYear=2000&ToDate=13&ToMonth=11&ToYear=2020&Variable=Issuer
2012-12-31,LUG.TO,USD,,2012-12-31,2012-12-31,2012,Q4,22953605.138566,0.0,22953605.138566,45890.252606,0.0,10001.708835002035,23009497.100007,0.0,0.0,0.0,0.0,0.0,0.0,0.0,0.0,0.0,23009497.100007,33096.106873,0.0,0.0,0.0,0.0,33096.106873,0.0,0.0,0.0,0.0,0.0,0.0,0.0,33096.106873,0.0,98457357.538474,-77729240.171688,6581.023894,2241702.6024550125,22976400.993135,23009497.100008,-1e-06,22976400.993134,23009497.100007,0.0,0.0,-22953605.138566,https://www.sedar.com/ModifyCompanyDocumentSearchForm.do?lang=EN&company_search=Lundin Gold Inc.&document_selection=0&industry_group=A&FromDate=13&FromMonth=05&FromYear=2000&ToDate=13&ToMonth=11&ToYear=2020&Variable=Issuer,https://www.sedar.com/ModifyCompanyDocumentSearchForm.do?lang=EN&company_search=Lundin Gold Inc.&document_selection=0&industry_group=A&FromDate=13&FromMonth=05&FromYear=2000&ToDate=13&ToMonth=11&ToYear=2020&Variable=Issuer
2012-09-30,LUG.TO,USD,,2012-09-30,2012-09-30,2012,Q3,23247255.270511,0.0,23247255.270511,32539.497079,0.0,203.20040600001812,23279997.967996,0.0,0.0,0.0,0.0,0.0,0.0,0.0,0.0,0.0,23279997.967996,0.0,0.0,0.0,0.0,5080.01016,5080.01016,0.0,0.0,0.0,0.0,0.0,0.0,0.0,5080.01016,0.0,0.0,-78466493.268987,2225705.867412,0.0,23274917.957836,23279997.967995998,2e-09,23274917.957836,23279997.967996,0.0,0.0,-23247255.270511,https://www.sedar.com/ModifyCompanyDocumentSearchForm.do?lang=EN&company_search=Lundin Gold Inc.&document_selection=0&industry_group=A&FromDate=13&FromMonth=05&FromYear=2000&ToDate=13&ToMonth=11&ToYear=2020&Variable=Issuer,https://www.sedar.com/ModifyCompanyDocumentSearchForm.do?lang=EN&company_search=Lundin Gold Inc.&document_selection=0&industry_group=A&FromDate=13&FromMonth=05&FromYear=2000&ToDate=13&ToMonth=11&ToYear=2020&Variable=Issuer
2012-06-30,LUG.TO,USD,,2012-06-30,2012-06-30,2012,Q2,22569098.417068,0.0,22569098.417068,36453.64271,0.0,4166.748599000275,22609718.808377,0.0,0.0,0.0,0.0,0.0,0.0,0.0,0.0,0.0,22609718.808377,0.0,0.0,0.0,0.0,23356.602104,23356.602104,0.0,0.0,0.0,0.0,0.0,0.0,0.0,23356.602104,0.0,0.0,-75814070.396225,2098856.552945,0.0,22586362.206273,22609718.808377,0.0,22586362.206273,22609718.808377,0.0,0.0,-22569098.417068,https://www.sedar.com/ModifyCompanyDocumentSearchForm.do?lang=EN&company_search=Lundin Gold Inc.&document_selection=0&industry_group=A&FromDate=13&FromMonth=05&FromYear=2000&ToDate=13&ToMonth=11&ToYear=2020&Variable=Issuer,https://www.sedar.com/ModifyCompanyDocumentSearchForm.do?lang=EN&company_search=Lundin Gold Inc.&document_selection=0&industry_group=A&FromDate=13&FromMonth=05&FromYear=2000&ToDate=13&ToMonth=11&ToYear=2020&Variable=Issuer
2012-03-31,LUG.TO,USD,,2012-03-31,2012-03-31,2012,Q1,23081976.726704,0.0,23081976.726704,35349.951389,0.0,8293.99324399978,23125620.671337,0.0,0.0,0.0,0.0,0.0,0.0,0.0,0.0,0.0,23125620.671337,0.0,0.0,0.0,0.0,61630.133005,61630.133005,0.0,0.0,0.0,0.0,0.0,0.0,0.0,61630.133005,0.0,0.0,-77168150.063646,0.0,0.0,23063990.538333,23125620.671338,-1e-06,23063990.538332,23125620.671337,0.0,0.0,-23081976.726704,https://www.sedar.com/ModifyCompanyDocumentSearchForm.do?lang=EN&company_search=Lundin Gold Inc.&document_selection=0&industry_group=A&FromDate=13&FromMonth=05&FromYear=2000&ToDate=13&ToMonth=11&ToYear=2020&Variable=Issuer,https://www.sedar.com/ModifyCompanyDocumentSearchForm.do?lang=EN&company_search=Lundin Gold Inc.&document_selection=0&industry_group=A&FromDate=13&FromMonth=05&FromYear=2000&ToDate=13&ToMonth=11&ToYear=2020&Variable=Issuer
2011-12-31,LUG.TO,USD,,2011-12-31,2011-12-31,2011,Q4,22634317.335945,0.0,22634317.335945,31525.954946,0.0,12059.745347999036,22677903.036239,0.0,0.0,0.0,0.0,0.0,0.0,0.0,0.0,0.0,22677903.036239,0.0,0.0,0.0,0.0,29382.957884,29382.957884,0.0,0.0,0.0,0.0,0.0,0.0,0.0,29382.957884,0.0,0.0,-75282708.129285,0.0,0.0,22648520.078355,22677903.036239,0.0,22648520.078355,22677903.036239,0.0,0.0,-22634317.335945,https://www.sedar.com/ModifyCompanyDocumentSearchForm.do?lang=EN&company_search=Lundin Gold Inc.&document_selection=0&industry_group=A&FromDate=13&FromMonth=05&FromYear=2000&ToDate=13&ToMonth=11&ToYear=2020&Variable=Issuer,https://www.sedar.com/ModifyCompanyDocumentSearchForm.do?lang=EN&company_search=Lundin Gold Inc.&document_selection=0&industry_group=A&FromDate=13&FromMonth=05&FromYear=2000&ToDate=13&ToMonth=11&ToYear=2020&Variable=Issuer
2011-09-30,LUG.TO,USD,,2011-09-30,2011-09-30,2011,Q3,22321682.567216,0.0,22321682.567216,69693.55305,0.0,192.7339309975505,22391568.854197,0.0,0.0,0.0,0.0,0.0,0.0,0.0,0.0,0.0,22391568.854197,0.0,0.0,0.0,0.0,44417.461694,44417.461694,0.0,0.0,0.0,0.0,0.0,0.0,0.0,44417.461694,0.0,0.0,-73982179.820757,0.0,0.0,22347151.392503,22391568.854197,0.0,22347151.392503,22391568.854197,0.0,0.0,-22321682.567216,https://www.sedar.com/ModifyCompanyDocumentSearchForm.do?lang=EN&company_search=Lundin Gold Inc.&document_selection=0&industry_group=A&FromDate=13&FromMonth=05&FromYear=2000&ToDate=13&ToMonth=11&ToYear=2020&Variable=Issuer,https://www.sedar.com/ModifyCompanyDocumentSearchForm.do?lang=EN&company_search=Lundin Gold Inc.&document_selection=0&industry_group=A&FromDate=13&FromMonth=05&FromYear=2000&ToDate=13&ToMonth=11&ToYear=2020&Variable=Issuer
2011-06-30,LUG.TO,USD,,2011-06-30,2011-06-30,2011,Q2,24230615.784909,0.0,24230615.784909,48468.797753,0.0,4762.937265001237,24283847.519927,0.0,0.0,0.0,0.0,0.0,0.0,0.0,0.0,0.0,24283847.519927,0.0,0.0,0.0,0.0,160584.190311,160584.190311,0.0,0.0,0.0,0.0,0.0,0.0,0.0,160584.190311,0.0,0.0,-79076019.080659,0.0,0.0,24123263.329616,24283847.519927,0.0,24123263.329616,24283847.519927,0.0,0.0,-24230615.784909,https://www.sedar.com/ModifyCompanyDocumentSearchForm.do?lang=EN&company_search=Lundin Gold Inc.&document_selection=0&industry_group=A&FromDate=13&FromMonth=05&FromYear=2000&ToDate=13&ToMonth=11&ToYear=2020&Variable=Issuer,https://www.sedar.com/ModifyCompanyDocumentSearchForm.do?lang=EN&company_search=Lundin Gold Inc.&document_selection=0&industry_group=A&FromDate=13&FromMonth=05&FromYear=2000&ToDate=13&ToMonth=11&ToYear=2020&Variable=Issuer
2011-03-31,LUG.TO,USD,,2011-03-31,2011-03-31,2011,Q1,24433759.2987,0.0,24433759.2987,42545.091624,0.0,12604.047699999064,24488908.438024,0.0,0.0,0.0,0.0,0.0,0.0,0.0,0.0,0.0,24488908.438024,0.0,0.0,0.0,0.0,85504.830694,85504.830694,0.0,0.0,0.0,0.0,0.0,0.0,0.0,85504.830694,0.0,0.0,-78540255.785001,0.0,0.0,24403403.60733,24488908.438024,0.0,24403403.60733,24488908.438024,0.0,0.0,-24433759.2987,https://www.sedar.com/ModifyCompanyDocumentSearchForm.do?lang=EN&company_search=Lundin Gold Inc.&document_selection=0&industry_group=A&FromDate=13&FromMonth=05&FromYear=2000&ToDate=13&ToMonth=11&ToYear=2020&Variable=Issuer,https://www.sedar.com/ModifyCompanyDocumentSearchForm.do?lang=EN&company_search=Lundin Gold Inc.&document_selection=0&industry_group=A&FromDate=13&FromMonth=05&FromYear=2000&ToDate=13&ToMonth=11&ToYear=2020&Variable=Issuer
2010-12-31,LUG.TO,USD,,2010-12-31,2010-12-31,2010,Q4,9225214.965606,0.0,9225214.965606,26894.696849,0.0,23188.289873000234,9275297.952328,0.0,0.0,0.0,0.0,0.0,0.0,0.0,0.0,0.0,9275297.952328,0.0,0.0,0.0,0.0,104684.25052,104684.25052,0.0,0.0,0.0,0.0,0.0,0.0,0.0,104684.25052,0.0,0.0,-75720929.651256,0.0,0.0,9170613.701808,9275297.952328,0.0,9170613.701808,9275297.952328,0.0,0.0,-9225214.965606,https://www.sedar.com/ModifyCompanyDocumentSearchForm.do?lang=EN&company_search=Lundin Gold Inc.&document_selection=0&industry_group=A&FromDate=13&FromMonth=05&FromYear=2000&ToDate=13&ToMonth=11&ToYear=2020&Variable=Issuer,https://www.sedar.com/ModifyCompanyDocumentSearchForm.do?lang=EN&company_search=Lundin Gold Inc.&document_selection=0&industry_group=A&FromDate=13&FromMonth=05&FromYear=2000&ToDate=13&ToMonth=11&ToYear=2020&Variable=Issuer
2010-09-30,LUG.TO,USD,,2010-09-30,2010-09-30,2010,Q3,9055849.001745,0.0,9055849.001745,57427.796085,0.0,50386.70284799859,9163663.500678,499890.482652,0.0,0.0,0.0,0.0,0.0,0.0,499890.482652,0.0,9663553.983329998,0.0,0.0,0.0,0.0,2246460.554371,2246460.554371,0.0,0.0,0.0,0.0,0.0,0.0,0.0,2246460.554371,0.0,0.0,-72878091.684435,0.0,0.0,7417093.428959,9663553.98333,-2e-09,7417093.428958998,9663553.983329998,0.0,0.0,-9055849.001745,https://www.sedar.com/ModifyCompanyDocumentSearchForm.do?lang=EN&company_search=Lundin Gold Inc.&document_selection=0&industry_group=A&FromDate=13&FromMonth=05&FromYear=2000&ToDate=13&ToMonth=11&ToYear=2020&Variable=Issuer,https://www.sedar.com/ModifyCompanyDocumentSearchForm.do?lang=EN&company_search=Lundin Gold Inc.&document_selection=0&industry_group=A&FromDate=13&FromMonth=05&FromYear=2000&ToDate=13&ToMonth=11&ToYear=2020&Variable=Issuer
2010-06-30,LUG.TO,USD,,2010-06-30,2010-06-30,2010,Q2,128585.523195,0.0,128585.523195,99520.918319,1386082.914335,324148.56275499985,1938337.918604,11246184.42273,0.0,0.0,0.0,0.0,0.0,0.0,11246184.42273,0.0,13184522.341334,0.0,0.0,0.0,0.0,2151184.897069,2151184.897069,0.0,0.0,0.0,0.0,0.0,0.0,0.0,2151184.897069,0.0,0.0,-67392159.187933,0.0,0.0,11033337.444265,13184522.341334,0.0,11033337.444265,13184522.341334,0.0,0.0,-128585.523195,https://www.sedar.com/ModifyCompanyDocumentSearchForm.do?lang=EN&company_search=Lundin Gold Inc.&document_selection=0&industry_group=A&FromDate=13&FromMonth=05&FromYear=2000&ToDate=13&ToMonth=11&ToYear=2020&Variable=Issuer,https://www.sedar.com/ModifyCompanyDocumentSearchForm.do?lang=EN&company_search=Lundin Gold Inc.&document_selection=0&industry_group=A&FromDate=13&FromMonth=05&FromYear=2000&ToDate=13&ToMonth=11&ToYear=2020&Variable=Issuer
2010-03-31,LUG.TO,USD,,2010-03-31,2010-03-31,2010,Q1,222854.620365,0.0,222854.620365,119239.748872,1606006.474397,344455.56209499994,2292556.405729,15757023.739455,0.0,0.0,0.0,0.0,0.0,0.0,15757023.739455,0.0,18049580.145183,490484.598784,0.0,0.0,0.0,652124.7792820001,1142609.378066,0.0,0.0,0.0,0.0,0.0,0.0,0.0,1142609.378066,0.0,0.0,-63870204.041593,0.0,0.0,16906970.767118,18049580.145184,-1e-06,16906970.767117,18049580.145183,0.0,0.0,-222854.620365,https://www.sedar.com/ModifyCompanyDocumentSearchForm.do?lang=EN&company_search=Lundin Gold Inc.&document_selection=0&industry_group=A&FromDate=13&FromMonth=05&FromYear=2000&ToDate=13&ToMonth=11&ToYear=2020&Variable=Issuer,https://www.sedar.com/ModifyCompanyDocumentSearchForm.do?lang=EN&company_search=Lundin Gold Inc.&document_selection=0&industry_group=A&FromDate=13&FromMonth=05&FromYear=2000&ToDate=13&ToMonth=11&ToYear=2020&Variable=Issuer
2009-12-31,LUG.TO,USD,,2009-12-31,2009-12-31,2009,Q4,1223414.191577,0.0,1223414.191577,66553.33779,1776658.389839,267278.19692400005,3333904.11613,15480003.820074,0.0,0.0,0.0,0.0,0.0,0.0,15480003.820074,30960007.640148997,18813907.936205,0.0,0.0,0.0,0.0,629259.860567,629259.860567,0.0,0.0,0.0,0.0,0.0,0.0,0.0,629259.860567,0.0,0.0,-60264352.019864,0.0,0.0,18184648.075637,18813907.936204,1e-06,18184648.075638,18813907.936205,0.0,0.0,-1223414.191577,https://www.sedar.com/ModifyCompanyDocumentSearchForm.do?lang=EN&company_search=Lundin Gold Inc.&document_selection=0&industry_group=A&FromDate=13&FromMonth=05&FromYear=2000&ToDate=13&ToMonth=11&ToYear=2020&Variable=Issuer,https://www.sedar.com/ModifyCompanyDocumentSearchForm.do?lang=EN&company_search=Lundin Gold Inc.&document_selection=0&industry_group=A&FromDate=13&FromMonth=05&FromYear=2000&ToDate=13&ToMonth=11&ToYear=2020&Variable=Issuer
2009-09-30,LUG.TO,USD,,2009-09-30,2009-09-30,2009,Q3,324379.268407,0.0,324379.268407,83599.962578,1380784.919076,828247.7313119997,2617011.881373,14558527.458135,0.0,0.0,0.0,0.0,0.0,0.0,14558527.458135,0.0,17175539.339508,0.0,0.0,0.0,0.0,674169.707176,674169.707176,0.0,0.0,0.0,0.0,0.0,0.0,0.0,674169.707176,0.0,0.0,-56801361.212461,0.0,0.0,16501369.632332,17175539.339508,0.0,16501369.632332,17175539.339508,0.0,0.0,-324379.268407,https://www.sedar.com/ModifyCompanyDocumentSearchForm.do?lang=EN&company_search=Lundin Gold Inc.&document_selection=0&industry_group=A&FromDate=13&FromMonth=05&FromYear=2000&ToDate=13&ToMonth=11&ToYear=2020&Variable=Issuer,https://www.sedar.com/ModifyCompanyDocumentSearchForm.do?lang=EN&company_search=Lundin Gold Inc.&document_selection=0&industry_group=A&FromDate=13&FromMonth=05&FromYear=2000&ToDate=13&ToMonth=11&ToYear=2020&Variable=Issuer
2009-06-30,LUG.TO,USD,,2009-06-30,2009-06-30,2009,Q2,2427548.990051,0.0,2427548.990051,94820.621043,2024186.226797,268194.1513420008,4814749.989233,13453900.684784,0.0,0.0,0.0,0.0,0.0,0.0,13453900.684784,0.0,18268650.674017,0.0,0.0,0.0,0.0,409716.180714,409716.180714,0.0,0.0,0.0,0.0,0.0,0.0,0.0,409716.180714,0.0,0.0,-49522858.865584,0.0,0.0,17858934.493303,18268650.674017,0.0,17858934.493303,18268650.674017,0.0,0.0,-2427548.990051,https://www.sedar.com/ModifyCompanyDocumentSearchForm.do?lang=EN&company_search=Lundin Gold Inc.&document_selection=0&industry_group=A&FromDate=13&FromMonth=05&FromYear=2000&ToDate=13&ToMonth=11&ToYear=2020&Variable=Issuer,https://www.sedar.com/ModifyCompanyDocumentSearchForm.do?lang=EN&company_search=Lundin Gold Inc.&document_selection=0&industry_group=A&FromDate=13&FromMonth=05&FromYear=2000&ToDate=13&ToMonth=11&ToYear=2020&Variable=Issuer
2009-03-31,LUG.TO,USD,,2009-03-31,2009-03-31,2009,Q1,520523.481429,0.0,520523.481429,220407.064227,2040078.403421,156153.48063699994,2937162.429714,12441039.04332,0.0,0.0,0.0,0.0,0.0,0.0,12441039.04332,0.0,15378201.473034,0.0,0.0,0.0,0.0,614903.777619,614903.777619,0.0,0.0,0.0,0.0,0.0,0.0,0.0,614903.777619,0.0,0.0,-44336414.03342,0.0,0.0,14763297.695415,15378201.473034,0.0,14763297.695415,15378201.473034,0.0,0.0,-520523.481429,https://www.sedar.com/ModifyCompanyDocumentSearchForm.do?lang=EN&company_search=Lundin Gold Inc.&document_selection=0&industry_group=A&FromDate=13&FromMonth=05&FromYear=2000&ToDate=13&ToMonth=11&ToYear=2020&Variable=Issuer,https://www.sedar.com/ModifyCompanyDocumentSearchForm.do?lang=EN&company_search=Lundin Gold Inc.&document_selection=0&industry_group=A&FromDate=13&FromMonth=05&FromYear=2000&ToDate=13&ToMonth=11&ToYear=2020&Variable=Issuer
2008-12-31,LUG.TO,USD,,2008-12-31,2008-12-31,2008,Q4,976362.366475,0.0,976362.366475,931784.716516,2430745.275267,607640.9202960003,4946533.278554,12768834.018077,0.0,0.0,0.0,0.0,0.0,0.0,12768834.018077,0.0,17715367.296631,0.0,0.0,0.0,0.0,325035.332786,325035.332786,0.0,0.0,0.0,0.0,0.0,0.0,0.0,325035.332786,0.0,0.0,-43859023.829088,0.0,0.0,17390331.963846,17715367.296632003,-1.003e-06,17390331.963845,17715367.296631,0.0,0.0,-976362.366475,https://www.sedar.com/ModifyCompanyDocumentSearchForm.do?lang=EN&company_search=Lundin Gold Inc.&document_selection=0&industry_group=A&FromDate=13&FromMonth=05&FromYear=2000&ToDate=13&ToMonth=11&ToYear=2020&Variable=Issuer,https://www.sedar.com/ModifyCompanyDocumentSearchForm.do?lang=EN&company_search=Lundin Gold Inc.&document_selection=0&industry_group=A&FromDate=13&FromMonth=05&FromYear=2000&ToDate=13&ToMonth=11&ToYear=2020&Variable=Issuer
2008-09-30,LUG.TO,USD,,2008-09-30,2008-09-30,2008,Q3,1828316.644625,0.0,1828316.644625,167276.591725,2596258.265634,1527707.3493289994,6119558.851313,14690701.870395,0.0,0.0,0.0,0.0,0.0,0.0,14690701.870395,0.0,20810260.721708,504853.5802,0.0,0.0,0.0,3778575.477045,4283429.057245,0.0,0.0,0.0,0.0,0.0,0.0,0.0,4283429.057245,0.0,0.0,-46989973.549972,0.0,0.0,16526831.664462,20810260.721707,1e-06,16526831.664463,20810260.721708,0.0,0.0,-1828316.644625,https://www.sedar.com/ModifyCompanyDocumentSearchForm.do?lang=EN&company_search=Lundin Gold Inc.&document_selection=0&industry_group=A&FromDate=13&FromMonth=05&FromYear=2000&ToDate=13&ToMonth=11&ToYear=2020&Variable=Issuer,https://www.sedar.com/ModifyCompanyDocumentSearchForm.do?lang=EN&company_search=Lundin Gold Inc.&document_selection=0&industry_group=A&FromDate=13&FromMonth=05&FromYear=2000&ToDate=13&ToMonth=11&ToYear=2020&Variable=Issuer
2008-06-30,LUG.TO,USD,,2008-06-30,2008-06-30,2008,Q2,4495737.865985,0.0,4495737.865985,235861.662409,1955698.565534,818433.8769899998,7505731.970918,14778155.826292,0.0,0.0,0.0,0.0,0.0,0.0,14778155.826292,0.0,22283887.79721,1687865.985459,0.0,0.0,0.0,0.0,1687865.985459,0.0,0.0,0.0,0.0,0.0,0.0,0.0,1687865.985459,0.0,0.0,-43858473.177442,0.0,0.0,20596021.811751,22283887.79721,0.0,20596021.811751,22283887.79721,0.0,0.0,-4495737.865985,https://www.sedar.com/ModifyCompanyDocumentSearchForm.do?lang=EN&company_search=Lundin Gold Inc.&document_selection=0&industry_group=A&FromDate=13&FromMonth=05&FromYear=2000&ToDate=13&ToMonth=11&ToYear=2020&Variable=Issuer,https://www.sedar.com/ModifyCompanyDocumentSearchForm.do?lang=EN&company_search=Lundin Gold Inc.&document_selection=0&industry_group=A&FromDate=13&FromMonth=05&FromYear=2000&ToDate=13&ToMonth=11&ToYear=2020&Variable=Issuer
2008-03-31,LUG.TO,USD,,2008-03-31,2008-03-31,2008,Q1,16676727.873312,0.0,16676727.873312,274773.146799,1418094.821724,469895.0743219964,18839490.916157,1790838.433887,0.0,0.0,0.0,0.0,0.0,0.0,1790838.433887,0.0,20630329.350044,946944.525406,0.0,0.0,0.0,0.0,946944.525406,0.0,0.0,0.0,0.0,0.0,0.0,0.0,946944.525406,0.0,0.0,-38723137.083455,0.0,0.0,19683384.824638,20630329.350044,0.0,19683384.824638,20630329.350044,0.0,0.0,-16676727.873312,https://www.sedar.com/ModifyCompanyDocumentSearchForm.do?lang=EN&company_search=Lundin Gold Inc.&document_selection=0&industry_group=A&FromDate=13&FromMonth=05&FromYear=2000&ToDate=13&ToMonth=11&ToYear=2020&Variable=Issuer,https://www.sedar.com/ModifyCompanyDocumentSearchForm.do?lang=EN&company_search=Lundin Gold Inc.&document_selection=0&industry_group=A&FromDate=13&FromMonth=05&FromYear=2000&ToDate=13&ToMonth=11&ToYear=2020&Variable=Issuer
2007-12-31,LUG.TO,USD,,2007-12-31,2007-12-31,2007,Q4,601997.374533,0.0,601997.374533,406795.920428,1526123.39695,44748.05614500027,2579664.748056,1906592.951631,0.0,0.0,0.0,0.0,0.0,0.0,1906592.951631,0.0,4486257.699687,1041221.851964,0.0,0.0,0.0,0.0,1041221.851964,0.0,0.0,0.0,0.0,0.0,0.0,0.0,1041221.851964,0.0,0.0,-36947206.906998,0.0,0.0,3445035.847723,4486257.699687,0.0,3445035.847723,4486257.699687,0.0,0.0,-601997.374533,https://www.sedar.com/ModifyCompanyDocumentSearchForm.do?lang=EN&company_search=Lundin Gold Inc.&document_selection=0&industry_group=A&FromDate=13&FromMonth=05&FromYear=2000&ToDate=13&ToMonth=11&ToYear=2020&Variable=Issuer,https://www.sedar.com/ModifyCompanyDocumentSearchForm.do?lang=EN&company_search=Lundin Gold Inc.&document_selection=0&industry_group=A&FromDate=13&FromMonth=05&FromYear=2000&ToDate=13&ToMonth=11&ToYear=2020&Variable=Issuer
2007-09-30,LUG.TO,USD,,2007-09-30,2007-09-30,2007,Q3,3519965.753425,0.0,3519965.753425,364631.345689,1717464.746172,68243.35213500075,5670305.197421,3013961.522965,0.0,0.0,0.0,0.0,0.0,0.0,3013961.522965,6027923.045931,8684266.720387,2171849.315068,0.0,0.0,0.0,16384.97179700015,2188234.286865,0.0,0.0,0.0,0.0,0.0,0.0,0.0,2188234.286865,0.0,0.0,-33682669.218372,0.0,0.0,6496032.433521,8684266.720386,1e-06,6496032.433522,8684266.720387,0.0,0.0,-3519965.753425,https://www.sedar.com/ModifyCompanyDocumentSearchForm.do?lang=EN&company_search=Lundin Gold Inc.&document_selection=0&industry_group=A&FromDate=13&FromMonth=05&FromYear=2000&ToDate=13&ToMonth=11&ToYear=2020&Variable=Issuer,https://www.sedar.com/ModifyCompanyDocumentSearchForm.do?lang=EN&company_search=Lundin Gold Inc.&document_selection=0&industry_group=A&FromDate=13&FromMonth=05&FromYear=2000&ToDate=13&ToMonth=11&ToYear=2020&Variable=Issuer
2007-06-30,LUG.TO,USD,,2007-06-30,2007-06-30,2007,Q2,6631064.34946,0.0,6631064.34946,158470.643495,0.0,88457.49177999981,6877992.484735,21153977.454204,0.0,0.0,0.0,0.0,0.0,0.0,21153977.454204,0.0,28031969.938938,1595799.906059,0.0,0.0,0.0,89122.59276699997,1684922.498826,0.0,0.0,0.0,0.0,0.0,0.0,0.0,1684922.498826,0.0,0.0,-11015848.755284,0.0,0.0,26347047.440113,28031969.938939,-1e-06,26347047.440112,28031969.938938,0.0,0.0,-6631064.34946,https://www.sedar.com/ModifyCompanyDocumentSearchForm.do?lang=EN&company_search=Lundin Gold Inc.&document_selection=0&industry_group=A&FromDate=13&FromMonth=05&FromYear=2000&ToDate=13&ToMonth=11&ToYear=2020&Variable=Issuer,https://www.sedar.com/ModifyCompanyDocumentSearchForm.do?lang=EN&company_search=Lundin Gold Inc.&document_selection=0&industry_group=A&FromDate=13&FromMonth=05&FromYear=2000&ToDate=13&ToMonth=11&ToYear=2020&Variable=Issuer
2007-03-31,LUG.TO,USD,,2007-03-31,2007-03-31,2007,Q1,8416501.386963,0.0,8416501.386963,71550.797503,0.0,41566.40083199926,8529618.585298,16477192.267684,0.0,0.0,0.0,0.0,0.0,0.0,16477192.267684,0.0,25006810.852982,398903.432732,0.0,0.0,0.0,84146.15117899998,483049.583911,0.0,0.0,0.0,0.0,0.0,0.0,0.0,483049.583911,0.0,0.0,-9654914.181692,0.0,0.0,24523761.269071,25006810.852982003,-3e-09,24523761.269071,25006810.852982,0.0,0.0,-8416501.386963,https://www.sedar.com/ModifyCompanyDocumentSearchForm.do?lang=EN&company_search=Lundin Gold Inc.&document_selection=0&industry_group=A&FromDate=13&FromMonth=05&FromYear=2000&ToDate=13&ToMonth=11&ToYear=2020&Variable=Issuer,https://www.sedar.com/ModifyCompanyDocumentSearchForm.do?lang=EN&company_search=Lundin Gold Inc.&document_selection=0&industry_group=A&FromDate=13&FromMonth=05&FromYear=2000&ToDate=13&ToMonth=11&ToYear=2020&Variable=Issuer
2006-12-31,LUG.TO,USD,,2006-12-31,2006-12-31,2006,Q4,10630736.101579,0.0,10630736.101579,36213.109128,0.0,44370.28140000068,10711319.492107,14476512.525738,0.0,0.0,0.0,0.0,0.0,0.0,14476512.525738,0.0,25187832.017845,586136.753603,0.0,0.0,0.0,60635.72409100004,646772.477694,0.0,0.0,0.0,0.0,0.0,0.0,0.0,646772.477694,0.0,0.0,-9284712.594372,0.0,0.0,24541059.540151,25187832.017845,0.0,24541059.540151,25187832.017845,0.0,0.0,-10630736.101579,https://www.sedar.com/ModifyCompanyDocumentSearchForm.do?lang=EN&company_search=Lundin Gold Inc.&document_selection=0&industry_group=A&FromDate=13&FromMonth=05&FromYear=2000&ToDate=13&ToMonth=11&ToYear=2020&Variable=Issuer,https://www.sedar.com/ModifyCompanyDocumentSearchForm.do?lang=EN&company_search=Lundin Gold Inc.&document_selection=0&industry_group=A&FromDate=13&FromMonth=05&FromYear=2000&ToDate=13&ToMonth=11&ToYear=2020&Variable=Issuer
2006-09-30,LUG.TO,USD,,2006-09-30,2006-09-30,2006,Q3,315278.524091,0.0,315278.524091,206410.531972,0.0,14245.925129999989,535934.981193,12461068.421995,0.0,0.0,0.0,0.0,0.0,115131.64965099841,12576200.071646,0.0,13112135.052839,378525.882142,0.0,0.0,0.0,88972.77449400001,467498.656636,0.0,0.0,0.0,0.0,0.0,0.0,0.0,467498.656636,0.0,0.0,-9488992.477163,0.0,0.0,12644636.396203,13112135.052839,0.0,12644636.396203,13112135.052839,0.0,0.0,-315278.524091,https://www.sedar.com/ModifyCompanyDocumentSearchForm.do?lang=EN&company_search=Lundin Gold Inc.&document_selection=0&industry_group=A&FromDate=13&FromMonth=05&FromYear=2000&ToDate=13&ToMonth=11&ToYear=2020&Variable=Issuer,https://www.sedar.com/ModifyCompanyDocumentSearchForm.do?lang=EN&company_search=Lundin Gold Inc.&document_selection=0&industry_group=A&FromDate=13&FromMonth=05&FromYear=2000&ToDate=13&ToMonth=11&ToYear=2020&Variable=Issuer
2006-06-30,LUG.TO,USD,,2006-06-30,2006-06-30,2006,Q2,1820327.589302,0.0,1820327.589302,332370.310537,0.0,12103.751570000313,2164801.651409,10130346.436905,0.0,0.0,0.0,0.0,0.0,0.0,10130346.436905,0.0,12295148.088314,190837.372106,0.0,0.0,0.0,46747.44211,237584.814216,0.0,0.0,0.0,0.0,0.0,0.0,0.0,237584.814216,0.0,0.0,-9364482.139652,0.0,0.0,12057563.274098,12295148.088313999,1e-09,12057563.274098,12295148.088314,0.0,0.0,-1820327.589302,https://www.sedar.com/ModifyCompanyDocumentSearchForm.do?lang=EN&company_search=Lundin Gold Inc.&document_selection=0&industry_group=A&FromDate=13&FromMonth=05&FromYear=2000&ToDate=13&ToMonth=11&ToYear=2020&Variable=Issuer,https://www.sedar.com/ModifyCompanyDocumentSearchForm.do?lang=EN&company_search=Lundin Gold Inc.&document_selection=0&industry_group=A&FromDate=13&FromMonth=05&FromYear=2000&ToDate=13&ToMonth=11&ToYear=2020&Variable=Issuer
2006-03-31,LUG.TO,USD,,2006-03-31,2006-03-31,2006,Q1,3355540.401441,0.0,3355540.401441,202668.553783,0.0,13738.205523999874,3571947.160748,7329413.278435,0.0,0.0,0.0,0.0,0.0,0.0,7329413.278435,0.0,10901360.439183,341544.861897,0.0,0.0,0.0,35975.295935,377520.157832,0.0,0.0,0.0,0.0,0.0,0.0,0.0,377520.157832,0.0,0.0,-8596260.078916,0.0,0.0,10523840.281352,10901360.439184,-1e-06,10523840.281351,10901360.439183,0.0,0.0,-3355540.401441,https://www.sedar.com/ModifyCompanyDocumentSearchForm.do?lang=EN&company_search=Lundin Gold Inc.&document_selection=0&industry_group=A&FromDate=13&FromMonth=05&FromYear=2000&ToDate=13&ToMonth=11&ToYear=2020&Variable=Issuer,https://www.sedar.com/ModifyCompanyDocumentSearchForm.do?lang=EN&company_search=Lundin Gold Inc.&document_selection=0&industry_group=A&FromDate=13&FromMonth=05&FromYear=2000&ToDate=13&ToMonth=11&ToYear=2020&Variable=Issuer
2005-12-31,LUG.TO,USD,,2005-12-31,2005-12-31,2005,Q4,502734.630618,0.0,502734.630618,64292.233511,0.0,18946.099536000052,585972.963665,5989652.143964,0.0,0.0,0.0,0.0,0.0,220895.47098299954,6210547.614947,0.0,6796520.578612,131767.694162,0.0,0.0,0.0,34947.47718300001,166715.171345,0.0,0.0,0.0,0.0,0.0,0.0,0.0,166715.171345,0.0,0.0,-8209083.003272,0.0,0.0,6629805.407267,6796520.578612,0.0,6629805.407267,6796520.578612,0.0,0.0,-502734.630618,https://www.sedar.com/ModifyCompanyDocumentSearchForm.do?lang=EN&company_search=Lundin Gold Inc.&document_selection=0&industry_group=A&FromDate=13&FromMonth=05&FromYear=2000&ToDate=13&ToMonth=11&ToYear=2020&Variable=Issuer,https://www.sedar.com/ModifyCompanyDocumentSearchForm.do?lang=EN&company_search=Lundin Gold Inc.&document_selection=0&industry_group=A&FromDate=13&FromMonth=05&FromYear=2000&ToDate=13&ToMonth=11&ToYear=2020&Variable=Issuer
2005-09-30,LUG.TO,USD,,2005-09-30,2005-09-30,2005,Q3,1887017.589128,0.0,1887017.589128,38517.180579,0.0,85974.28288800013,2011509.052595,4677470.433923,0.0,0.0,0.0,0.0,0.0,0.0,4677470.433923,0.0,6688979.486517999,50609.383735,0.0,0.0,0.0,61985.98030399999,112595.364039,0.0,0.0,0.0,0.0,0.0,0.0,0.0,112595.364039,0.0,0.0,-8101214.466951,444549.950544,0.0,6576384.122479,6688979.486518,-1e-09,6576384.122478999,6688979.486517999,0.0,0.0,-1887017.589128,https://www.sedar.com/ModifyCompanyDocumentSearchForm.do?lang=EN&company_search=Lundin Gold Inc.&document_selection=0&industry_group=A&FromDate=13&FromMonth=05&FromYear=2000&ToDate=13&ToMonth=11&ToYear=2020&Variable=Issuer,https://www.sedar.com/ModifyCompanyDocumentSearchForm.do?lang=EN&company_search=Lundin Gold Inc.&document_selection=0&industry_group=A&FromDate=13&FromMonth=05&FromYear=2000&ToDate=13&ToMonth=11&ToYear=2020&Variable=Issuer
2005-06-30,LUG.TO,USD,,2005-06-30,2005-06-30,2005,Q2,3062944.067133,0.0,3062944.067133,45189.544831,0.0,51172.20662199985,3159305.818586,3806415.300725,0.0,0.0,0.0,0.0,0.0,0.0,3806415.300725,0.0,6965721.11931,53607.229152,0.0,0.0,0.0,9602.135439999998,63209.364592,0.0,0.0,0.0,0.0,0.0,0.0,0.0,63209.364592,0.0,0.0,-6111714.719519,54955.756547,0.0,6902511.754718,6965721.11931,0.0,6902511.754718,6965721.11931,0.0,0.0,-3062944.067133,https://www.sedar.com/ModifyCompanyDocumentSearchForm.do?lang=EN&company_search=Lundin Gold Inc.&document_selection=0&industry_group=A&FromDate=13&FromMonth=05&FromYear=2000&ToDate=13&ToMonth=11&ToYear=2020&Variable=Issuer,https://www.sedar.com/ModifyCompanyDocumentSearchForm.do?lang=EN&company_search=Lundin Gold Inc.&document_selection=0&industry_group=A&FromDate=13&FromMonth=05&FromYear=2000&ToDate=13&ToMonth=11&ToYear=2020&Variable=Issuer
2005-03-31,LUG.TO,USD,,2005-03-31,2005-03-31,2005,Q1,597440.687774,0.0,597440.687774,29705.71216,0.0,50927.50268599996,678073.90262,2567098.454162,0.0,0.0,0.0,0.0,0.0,0.0,2567098.454162,5134196.908325,3245172.356783,101764.073737,0.0,0.0,0.0,433277.67215,535041.745887,0.0,0.0,0.0,0.0,0.0,0.0,0.0,535041.745887,0.0,0.0,-5731186.244523,0.0,0.0,2710130.610895,3245172.356782,1e-06,2710130.610896,3245172.356783,0.0,0.0,-597440.687774,https://www.sedar.com/ModifyCompanyDocumentSearchForm.do?lang=EN&company_search=Lundin Gold Inc.&document_selection=0&industry_group=A&FromDate=13&FromMonth=05&FromYear=2000&ToDate=13&ToMonth=11&ToYear=2020&Variable=Issuer,https://www.sedar.com/ModifyCompanyDocumentSearchForm.do?lang=EN&company_search=Lundin Gold Inc.&document_selection=0&industry_group=A&FromDate=13&FromMonth=05&FromYear=2000&ToDate=13&ToMonth=11&ToYear=2020&Variable=Issuer
2004-12-31,LUG.TO,USD,,2004-12-31,2004-12-31,2004,Q4,812816.310912,25500.357695,838316.668607,0.0,0.0,57197.165056,895513.833663,4396794.88246,0.0,0.0,0.0,0.0,0.0,0.0,4396794.88246,0.0,5292308.716123,70943.48412,0.0,0.0,0.0,426808.85753700003,497752.341657,0.0,0.0,0.0,0.0,0.0,0.0,0.0,497752.341657,0.0,0.0,-3463777.929359,0.0,0.0,4794556.374466,5292308.716123,0.0,4794556.374466,5292308.716123,0.0,0.0,-812816.310912,https://www.sedar.com/ModifyCompanyDocumentSearchForm.do?lang=EN&company_search=Lundin Gold Inc.&document_selection=0&industry_group=A&FromDate=13&FromMonth=05&FromYear=2000&ToDate=13&ToMonth=11&ToYear=2020&Variable=Issuer,https://www.sedar.com/ModifyCompanyDocumentSearchForm.do?lang=EN&company_search=Lundin Gold Inc.&document_selection=0&industry_group=A&FromDate=13&FromMonth=05&FromYear=2000&ToDate=13&ToMonth=11&ToYear=2020&Variable=Issuer
2004-09-30,LUG.TO,USD,,2004-09-30,2004-09-30,2004,Q3,1309133.437468,0.0,1309133.437468,19621.944354,0.0,33203.561715000076,1361958.943537,3536082.588666,0.0,0.0,0.0,0.0,0.0,0.0,3536082.588666,7072165.177333,4898041.532204,97286.689555,0.0,0.0,0.0,425092.174851,522378.864406,0.0,0.0,0.0,0.0,0.0,0.0,0.0,522378.864406,0.0,0.0,-3121486.056819,0.0,0.0,4375662.667798,4898041.532204,0.0,4375662.667798,4898041.532204,0.0,0.0,-1309133.437468,https://www.sedar.com/ModifyCompanyDocumentSearchForm.do?lang=EN&company_search=Lundin Gold Inc.&document_selection=0&industry_group=A&FromDate=13&FromMonth=05&FromYear=2000&ToDate=13&ToMonth=11&ToYear=2020&Variable=Issuer,https://www.sedar.com/ModifyCompanyDocumentSearchForm.do?lang=EN&company_search=Lundin Gold Inc.&document_selection=0&industry_group=A&FromDate=13&FromMonth=05&FromYear=2000&ToDate=13&ToMonth=11&ToYear=2020&Variable=Issuer
2004-06-30,LUG.TO,USD,,2004-06-30,2004-06-30,2004,Q2,323140.508266,0.0,323140.508266,10738.395991,0.0,45077.860121999984,378956.764379,2841355.126166,0.0,0.0,0.0,0.0,0.0,0.0,2841355.126166,5682710.252333,3220311.890546,125118.515407,0.0,0.0,0.0,0.0,125118.515407,0.0,0.0,0.0,0.0,0.0,0.0,0.0,125118.515407,0.0,0.0,-2638393.741186,43038.344985,0.0,3095193.375139,3220311.890546,0.0,3095193.375139,3220311.890546,0.0,0.0,-323140.508266,https://www.sedar.com/ModifyCompanyDocumentSearchForm.do?lang=EN&company_search=Lundin Gold Inc.&document_selection=0&industry_group=A&FromDate=13&FromMonth=05&FromYear=2000&ToDate=13&ToMonth=11&ToYear=2020&Variable=Issuer,https://www.sedar.com/ModifyCompanyDocumentSearchForm.do?lang=EN&company_search=Lundin Gold Inc.&document_selection=0&industry_group=A&FromDate=13&FromMonth=05&FromYear=2000&ToDate=13&ToMonth=11&ToYear=2020&Variable=Issuer
2004-03-31,LUG.TO,USD,,2004-03-31,2004-03-31,2004,Q1,63460.74648,76264.85258,139725.59906,2961.364226,0.0,43275.727947999985,185962.691234,0.0,0.0,0.0,0.0,0.0,0.0,0.0,0.0,0.0,185962.691234,97204.893153,0.0,0.0,0.0,0.0,97204.893153,0.0,0.0,0.0,0.0,0.0,0.0,0.0,97204.893153,0.0,0.0,-2467127.560592,0.0,0.0,88757.798081,185962.691234,0.0,88757.798081,185962.691234,0.0,0.0,-63460.74648,https://www.sedar.com/ModifyCompanyDocumentSearchForm.do?lang=EN&company_search=Lundin Gold Inc.&document_selection=0&industry_group=A&FromDate=13&FromMonth=05&FromYear=2000&ToDate=13&ToMonth=11&ToYear=2020&Variable=Issuer,https://www.sedar.com/ModifyCompanyDocumentSearchForm.do?lang=EN&company_search=Lundin Gold Inc.&document_selection=0&industry_group=A&FromDate=13&FromMonth=05&FromYear=2000&ToDate=13&ToMonth=11&ToYear=2020&Variable=Issuer
2003-12-31,LUG.TO,USD,,2003-12-31,2003-12-31,2003,Q4,138571.990407,77114.677237,215686.667644,3704.589094,0.0,0.0,219391.256738,0.0,0.0,0.0,0.0,0.0,0.0,0.0,0.0,0.0,219391.256738,83688.703471,0.0,0.0,0.0,0.0,83688.703471,0.0,0.0,0.0,0.0,0.0,0.0,0.0,83688.703471,0.0,0.0,-2448663.21707,0.0,0.0,135702.553267,219391.25673800003,-3e-11,135702.553267,219391.256738,0.0,0.0,-138571.990407,https://www.sedar.com/ModifyCompanyDocumentSearchForm.do?lang=EN&company_search=Lundin Gold Inc.&document_selection=0&industry_group=A&FromDate=13&FromMonth=05&FromYear=2000&ToDate=13&ToMonth=11&ToYear=2020&Variable=Issuer,https://www.sedar.com/ModifyCompanyDocumentSearchForm.do?lang=EN&company_search=Lundin Gold Inc.&document_selection=0&industry_group=A&FromDate=13&FromMonth=05&FromYear=2000&ToDate=13&ToMonth=11&ToYear=2020&Variable=Issuer
2003-09-30,LUG.TO,USD,,2003-09-30,2003-09-30,2003,Q3,135542.86813,0.0,135542.86813,3273.257061,0.0,73955.19794099999,212771.323132,0.0,0.0,0.0,0.0,0.0,0.0,0.0,0.0,0.0,212771.323132,21213.308977,0.0,0.0,0.0,16117.056288,37330.365265,0.0,0.0,0.0,0.0,0.0,0.0,0.0,37330.365265,0.0,0.0,-2303040.298187,0.0,0.0,175440.957868,212771.323133,-1e-06,175440.957867,212771.323132,0.0,0.0,-135542.86813,https://www.sedar.com/ModifyCompanyDocumentSearchForm.do?lang=EN&company_search=Lundin Gold Inc.&document_selection=0&industry_group=A&FromDate=13&FromMonth=05&FromYear=2000&ToDate=13&ToMonth=11&ToYear=2020&Variable=Issuer,https://www.sedar.com/ModifyCompanyDocumentSearchForm.do?lang=EN&company_search=Lundin Gold Inc.&document_selection=0&industry_group=A&FromDate=13&FromMonth=05&FromYear=2000&ToDate=13&ToMonth=11&ToYear=2020&Variable=Issuer
2003-06-30,LUG.TO,USD,,2003-06-30,2003-06-30,2003,Q2,150993.333234,0.0,150993.333234,5431.409524,0.0,2.9103830456733704e-11,156424.742758,0.0,0.0,0.0,0.0,0.0,0.0,74240.15204399999,74240.15204399999,0.0,230664.894802,17473.162185,0.0,0.0,0.0,16179.156335,33652.31852,0.0,0.0,0.0,0.0,0.0,0.0,0.0,33652.31852,0.0,0.0,-2291018.426406,0.0,0.0,197012.576282,230664.894802,0.0,197012.576282,230664.894802,0.0,0.0,-150993.333234,https://www.sedar.com/ModifyCompanyDocumentSearchForm.do?lang=EN&company_search=Lundin Gold Inc.&document_selection=0&industry_group=A&FromDate=13&FromMonth=05&FromYear=2000&ToDate=13&ToMonth=11&ToYear=2020&Variable=Issuer,https://www.sedar.com/ModifyCompanyDocumentSearchForm.do?lang=EN&company_search=Lundin Gold Inc.&document_selection=0&industry_group=A&FromDate=13&FromMonth=05&FromYear=2000&ToDate=13&ToMonth=11&ToYear=2020&Variable=Issuer
2003-03-31,LUG.TO,USD,,2003-03-31,2003-03-31,2003,Q1,208245.786153,0.0,208245.786153,33484.582158,0.0,358.364333000005,242088.732644,22876.044094,0.0,0.0,0.0,0.0,0.0,68130.101241,91006.145335,0.0,333094.877979,64374.08876,0.0,0.0,0.0,0.0,64374.08876,0.0,0.0,0.0,0.0,0.0,0.0,0.0,64374.08876,0.0,0.0,-2014542.37011,0.0,0.0,268720.789219,333094.87797900004,-4e-11,268720.789219,333094.877979,0.0,0.0,-208245.786153,https://www.sedar.com/ModifyCompanyDocumentSearchForm.do?lang=EN&company_search=Lundin Gold Inc.&document_selection=0&industry_group=A&FromDate=13&FromMonth=05&FromYear=2000&ToDate=13&ToMonth=11&ToYear=2020&Variable=Issuer,https://www.sedar.com/ModifyCompanyDocumentSearchForm.do?lang=EN&company_search=Lundin Gold Inc.&document_selection=0&industry_group=A&FromDate=13&FromMonth=05&FromYear=2000&ToDate=13&ToMonth=11&ToYear=2020&Variable=Issuer
2002-12-31,LUG.TO,USD,,2002-12-31,2002-12-31,2002,Q4,277508.241706,0.0,277508.241706,28851.369806,0.0,1204.9723370000138,307564.583849,21328.073886,0.0,0.0,0.0,0.0,0.0,0.0,21328.073886,42656.14777300006,328892.657736,53392.914991,0.0,0.0,0.0,0.0,53392.914991,0.0,0.0,0.0,0.0,0.0,0.0,0.0,53392.914991,0.0,0.0,-1853260.158419,0.0,0.0,275499.742744,328892.657735,1e-06,275499.742745,328892.657736,0.0,0.0,-277508.241706,https://www.sedar.com/ModifyCompanyDocumentSearchForm.do?lang=EN&company_search=Lundin Gold Inc.&document_selection=0&industry_group=A&FromDate=13&FromMonth=05&FromYear=2000&ToDate=13&ToMonth=11&ToYear=2020&Variable=Issuer,https://www.sedar.com/ModifyCompanyDocumentSearchForm.do?lang=EN&company_search=Lundin Gold Inc.&document_selection=0&industry_group=A&FromDate=13&FromMonth=05&FromYear=2000&ToDate=13&ToMonth=11&ToYear=2020&Variable=Issuer
2002-09-30,LUG.TO,USD,,2002-09-30,2002-09-30,2002,Q3,406230.427523,0.0,406230.427523,99564.600989,0.0,50855.99067500001,556651.019187,21196.559655,0.0,0.0,0.0,0.0,0.0,224200.24573800003,245396.80539300002,0.0,802047.82458,144359.030906,0.0,0.0,0.0,18635.833779999986,162994.864686,0.0,0.0,0.0,0.0,0.0,0.0,0.0,162994.864686,0.0,0.0,-1496562.175105,0.0,2135615.134999,639052.959894,802047.82458,0.0,639052.959894,802047.82458,0.0,0.0,-406230.427523,https://www.sedar.com/ModifyCompanyDocumentSearchForm.do?lang=EN&company_search=Lundin Gold Inc.&document_selection=0&industry_group=A&FromDate=13&FromMonth=05&FromYear=2000&ToDate=13&ToMonth=11&ToYear=2020&Variable=Issuer,https://www.sedar.com/ModifyCompanyDocumentSearchForm.do?lang=EN&company_search=Lundin Gold Inc.&document_selection=0&industry_group=A&FromDate=13&FromMonth=05&FromYear=2000&ToDate=13&ToMonth=11&ToYear=2020&Variable=Issuer
2002-06-30,LUG.TO,USD,,2002-06-30,2002-06-30,2002,Q2,782983.184965,0.0,782983.184965,295124.958787,0.0,0.0,1078108.143752,0.0,0.0,0.0,0.0,0.0,0.0,161637.32278299984,161637.32278299984,0.0,1239745.466535,20452.357402,0.0,0.0,0.0,19502.802506,39955.159908,0.0,0.0,0.0,0.0,0.0,0.0,0.0,39955.159908,0.0,0.0,-1008800.52753,0.0,2208590.834157,1199790.306627,1239745.466535,0.0,1199790.306627,1239745.466535,0.0,0.0,-782983.184965,https://www.sedar.com/ModifyCompanyDocumentSearchForm.do?lang=EN&company_search=Lundin Gold Inc.&document_selection=0&industry_group=A&FromDate=13&FromMonth=05&FromYear=2000&ToDate=13&ToMonth=11&ToYear=2020&Variable=Issuer,https://www.sedar.com/ModifyCompanyDocumentSearchForm.do?lang=EN&company_search=Lundin Gold Inc.&document_selection=0&industry_group=A&FromDate=13&FromMonth=05&FromYear=2000&ToDate=13&ToMonth=11&ToYear=2020&Variable=Issuer
2002-03-31,LUG.TO,USD,,2002-03-31,2002-03-31,2002,Q1,806074.362029,0.0,806074.362029,254888.707756,0.0,15674.963948000222,1076638.033733,0.0,0.0,0.0,0.0,0.0,0.0,58273.245971000055,58273.245971000055,0.0,1134911.279704,19594.958932,0.0,0.0,0.0,24139.444478999998,43734.403411,0.0,0.0,0.0,0.0,0.0,0.0,0.0,43734.403411,0.0,0.0,-961383.158819,0.0,2052560.035112,1091176.876293,1134911.279704,0.0,1091176.876293,1134911.279704,0.0,0.0,-806074.362029,https://www.sedar.com/ModifyCompanyDocumentSearchForm.do?lang=EN&company_search=Lundin Gold Inc.&document_selection=0&industry_group=A&FromDate=13&FromMonth=05&FromYear=2000&ToDate=13&ToMonth=11&ToYear=2020&Variable=Issuer,https://www.sedar.com/ModifyCompanyDocumentSearchForm.do?lang=EN&company_search=Lundin Gold Inc.&document_selection=0&industry_group=A&FromDate=13&FromMonth=05&FromYear=2000&ToDate=13&ToMonth=11&ToYear=2020&Variable=Issuer
2001-08-31,LUG.TO,USD,,2001-08-31,2001-08-31,2001,Q3,1021625.249247,0.0,1021625.249247,214648.279956,0.0,17423.064264999935,1253696.593468,0.0,0.0,0.0,0.0,0.0,0.0,0.0,0.0,0.0,1253696.593468,16118.91564,0.0,0.0,0.0,24843.999045000004,40962.914685,0.0,0.0,0.0,0.0,0.0,0.0,0.0,40962.914685,0.0,0.0,-899734.136945,0.0,2112467.815728,1212733.678783,1253696.593468,0.0,1212733.678783,1253696.593468,0.0,0.0,-1021625.249247,https://www.sedar.com/ModifyCompanyDocumentSearchForm.do?lang=EN&company_search=Lundin Gold Inc.&document_selection=0&industry_group=A&FromDate=13&FromMonth=05&FromYear=2000&ToDate=13&ToMonth=11&ToYear=2020&Variable=Issuer,https://www.sedar.com/ModifyCompanyDocumentSearchForm.do?lang=EN&company_search=Lundin Gold Inc.&document_selection=0&industry_group=A&FromDate=13&FromMonth=05&FromYear=2000&ToDate=13&ToMonth=11&ToYear=2020&Variable=Issuer
2001-05-31,LUG.TO,USD,,2001-05-31,2001-05-31,2001,Q2,1075499.505697,0.0,1075499.505697,119342.837817,0.0,3902.388261999935,1198744.731776,0.650398,0.0,0.0,0.0,0.0,0.0,0.0,0.650398,0.0,1198745.382174,20259.899058,0.0,0.0,0.0,0.0,20259.899058,0.0,0.0,0.0,0.0,0.0,0.0,0.0,20259.899058,0.0,0.0,-950675.763567,-212289.271034,2341450.517717,1178485.483116,1198745.382174,0.0,1178485.483116,1198745.382174,0.0,0.0,-1075499.505697,https://www.sedar.com/ModifyCompanyDocumentSearchForm.do?lang=EN&company_search=Lundin Gold Inc.&document_selection=0&industry_group=A&FromDate=13&FromMonth=05&FromYear=2000&ToDate=13&ToMonth=11&ToYear=2020&Variable=Issuer,https://www.sedar.com/ModifyCompanyDocumentSearchForm.do?lang=EN&company_search=Lundin Gold Inc.&document_selection=0&industry_group=A&FromDate=13&FromMonth=05&FromYear=2000&ToDate=13&ToMonth=11&ToYear=2020&Variable=Issuer
2001-02-28,LUG.TO,USD,,2001-02-28,2001-02-28,2001,Q1,1195890.196997,0.0,1195890.196997,16446.370813,0.0,0.0,1212336.56781,0.6508,0.0,0.0,0.0,0.0,0.0,0.0,0.6508,0.0,1212337.2186099999,17413.459849,0.0,0.0,0.0,0.0,17413.459849,0.0,0.0,0.0,0.0,0.0,0.0,0.0,17413.459849,0.0,0.0,-935553.863475,-212420.521031,2342898.143267,1194923.758761,1212337.2186099999,0.0,1194923.758761,1212337.2186099999,0.0,0.0,-1195890.196997,https://www.sedar.com/ModifyCompanyDocumentSearchForm.do?lang=EN&company_search=Lundin Gold Inc.&document_selection=0&industry_group=A&FromDate=13&FromMonth=05&FromYear=2000&ToDate=13&ToMonth=11&ToYear=2020&Variable=Issuer,https://www.sedar.com/ModifyCompanyDocumentSearchForm.do?lang=EN&company_search=Lundin Gold Inc.&document_selection=0&industry_group=A&FromDate=13&FromMonth=05&FromYear=2000&ToDate=13&ToMonth=11&ToYear=2020&Variable=Issuer
2000-11-30,LUG.TO,USD,,2000-11-30,2000-11-30,2001,Q4,1202624.945449,0.0,1202624.945449,12355.481446,0.0,1.00000761449337e-06,1214980.426896,0.651351,0.0,0.0,0.0,0.0,0.0,0.0,0.651351,0.0,1214981.078247,14810.424225,0.0,0.0,0.0,0.0,14810.424225,0.0,0.0,0.0,0.0,0.0,0.0,0.0,14810.424225,0.0,0.0,-932110.964195,-212600.389508,2344882.0077250004,1200170.654022,1214981.078247,0.0,1200170.654022,1214981.078247,0.0,0.0,-1202624.945449,https://www.sedar.com/ModifyCompanyDocumentSearchForm.do?lang=EN&company_search=Lundin Gold Inc.&document_selection=0&industry_group=A&FromDate=13&FromMonth=05&FromYear=2000&ToDate=13&ToMonth=11&ToYear=2020&Variable=Issuer,https://www.sedar.com/ModifyCompanyDocumentSearchForm.do?lang=EN&company_search=Lundin Gold Inc.&document_selection=0&industry_group=A&FromDate=13&FromMonth=05&FromYear=2000&ToDate=13&ToMonth=11&ToYear=2020&Variable=Issuer
2000-08-31,LUG.TO,USD,,2000-08-31,2000-08-31,2000,Q3,1215650.503103,0.0,1215650.503103,8666.132558,0.0,-2.3283064365386963e-10,1224316.635661,2522.982497,0.0,0.0,0.0,0.0,0.0,0.0,2522.982497,0.0,1226839.6181579998,20208.981166,0.0,0.0,0.0,0.0,20208.981166,0.0,0.0,0.0,0.0,0.0,0.0,0.0,20208.981166,0.0,0.0,-985450.076721,-219086.674905,2411167.388618,1206630.636992,1226839.618158,-2e-10,1206630.6369919998,1226839.6181579998,0.0,0.0,-1215650.503103,https://www.sedar.com/ModifyCompanyDocumentSearchForm.do?lang=EN&company_search=Lundin Gold Inc.&document_selection=0&industry_group=A&FromDate=13&FromMonth=05&FromYear=2000&ToDate=13&ToMonth=11&ToYear=2020&Variable=Issuer,https://www.sedar.com/ModifyCompanyDocumentSearchForm.do?lang=EN&company_search=Lundin Gold Inc.&document_selection=0&industry_group=A&FromDate=13&FromMonth=05&FromYear=2000&ToDate=13&ToMonth=11&ToYear=2020&Variable=Issuer
2000-05-31,LUG.TO,USD,,2000-05-31,2000-05-31,2000,Q2,596293.923316,0.0,596293.923316,4966.129409,0.0,-1.1641532182693481e-10,601260.052725,6744.752561,0.0,0.0,0.0,0.0,0.0,0.0,6744.752561,0.0,608004.8052859999,37058.764641,0.0,0.0,0.0,0.0,37058.764641,0.0,0.0,0.0,0.0,0.0,0.0,0.0,37058.764641,0.0,0.0,-966497.814262,-199170.420796,1736614.275703,570946.040645,608004.8052859999,0.0,570946.040645,608004.8052859999,0.0,0.0,-596293.923316,https://www.sedar.com/ModifyCompanyDocumentSearchForm.do?lang=EN&company_search=Lundin Gold Inc.&document_selection=0&industry_group=A&FromDate=13&FromMonth=05&FromYear=2000&ToDate=13&ToMonth=11&ToYear=2020&Variable=Issuer,https://www.sedar.com/ModifyCompanyDocumentSearchForm.do?lang=EN&company_search=Lundin Gold Inc.&document_selection=0&industry_group=A&FromDate=13&FromMonth=05&FromYear=2000&ToDate=13&ToMonth=11&ToYear=2020&Variable=Issuer
2000-02-29,LUG.TO,USD,,2000-02-29,2000-02-29,2000,Q1,1406.557965,0.0,1406.557965,5192.755641,0.0,2412.029826,9011.343432,8818.381046,0.0,0.0,0.0,0.0,0.0,-1.0000003385357559e-06,8818.381045,0.0,17829.724477,102802.778658,0.0,0.0,0.0,43071.96118700001,145874.739845,0.0,0.0,0.0,0.0,0.0,0.0,0.0,145874.739845,0.0,0.0,-993517.842129,-205661.378578,1071134.205339,-128045.015368,17829.72447700001,-1e-11,-128045.015368,17829.724477,0.0,0.0,-1406.557965,https://www.sedar.com/ModifyCompanyDocumentSearchForm.do?lang=EN&company_search=Lundin Gold Inc.&document_selection=0&industry_group=A&FromDate=13&FromMonth=05&FromYear=2000&ToDate=13&ToMonth=11&ToYear=2020&Variable=Issuer,https://www.sedar.com/ModifyCompanyDocumentSearchForm.do?lang=EN&company_search=Lundin Gold Inc.&document_selection=0&industry_group=A&FromDate=13&FromMonth=05&FromYear=2000&ToDate=13&ToMonth=11&ToYear=2020&Variable=Issuer
1999-11-30,LUG.TO,USD,,1999-11-30,1999-11-30,2000,Q4,347.698535,0.0,347.698535,9136.593913,0.0,2376.8454500000007,11861.137898,13387.751776,0.0,0.0,0.0,0.0,0.0,0.0,13387.751776,0.0,25248.889674,95376.696049,0.0,0.0,0.0,42443.66876300001,137820.364812,0.0,0.0,0.0,0.0,0.0,0.0,0.0,137820.364812,0.0,0.0,-965419.615087,-202661.387806,1055509.527755,-112571.475138,25248.88967400002,-2e-11,-112571.475138,25248.889674,0.0,0.0,-347.698535,https://www.sedar.com/ModifyCompanyDocumentSearchForm.do?lang=EN&company_search=Lundin Gold Inc.&document_selection=0&industry_group=A&FromDate=13&FromMonth=05&FromYear=2000&ToDate=13&ToMonth=11&ToYear=2020&Variable=Issuer,https://www.sedar.com/ModifyCompanyDocumentSearchForm.do?lang=EN&company_search=Lundin Gold Inc.&document_selection=0&industry_group=A&FromDate=13&FromMonth=05&FromYear=2000&ToDate=13&ToMonth=11&ToYear=2020&Variable=Issuer
1999-08-31,LUG.TO,USD,,1999-08-31,1999-08-31,1999,Q3,0.0,0.0,0.0,7285.805092,0.0,0.0,7285.805092,18716.67057,0.0,0.0,0.0,0.0,0.0,0.0,18716.67057,0.0,26002.475661999997,60228.162323,0.0,0.0,0.0,33654.27720700001,93882.43953,0.0,0.0,0.0,0.0,0.0,0.0,0.0,93882.43953,0.0,0.0,-902815.563213,-199676.8258,1034612.4251439999,-67879.963869,26002.475661000004,9.99993e-07,-67879.963868,26002.475661999997,0.0,199.391121,199.391121,https://www.sedar.com/ModifyCompanyDocumentSearchForm.do?lang=EN&company_search=Lundin Gold Inc.&document_selection=0&industry_group=A&FromDate=13&FromMonth=05&FromYear=2000&ToDate=13&ToMonth=11&ToYear=2020&Variable=Issuer,https://www.sedar.com/ModifyCompanyDocumentSearchForm.do?lang=EN&company_search=Lundin Gold Inc.&document_selection=0&industry_group=A&FromDate=13&FromMonth=05&FromYear=2000&ToDate=13&ToMonth=11&ToYear=2020&Variable=Issuer
1999-05-31,LUG.TO,USD,,1999-05-31,1999-05-31,1999,Q2,2660.580947,0.0,2660.580947,6599.570021,0.0,-1.0000003385357559e-06,9260.150967,98990.83751,0.0,0.0,0.0,0.0,0.0,0.0,98990.83751,0.0,108250.98847699999,13907.859667,0.0,0.0,0.0,28823.525422000002,42731.385089,0.0,0.0,0.0,0.0,0.0,0.0,0.0,42731.385089,0.0,0.0,-780775.047644,-177126.328425,1023420.979457,65519.603388,108250.988477,-1e-11,65519.60338799999,108250.98847699999,0.0,0.0,-2660.580947,https://www.sedar.com/ModifyCompanyDocumentSearchForm.do?lang=EN&company_search=Lundin Gold Inc.&document_selection=0&industry_group=A&FromDate=13&FromMonth=05&FromYear=2000&ToDate=13&ToMonth=11&ToYear=2020&Variable=Issuer,https://www.sedar.com/ModifyCompanyDocumentSearchForm.do?lang=EN&company_search=Lundin Gold Inc.&document_selection=0&industry_group=A&FromDate=13&FromMonth=05&FromYear=2000&ToDate=13&ToMonth=11&ToYear=2020&Variable=Issuer
1999-02-28,LUG.TO,USD,,1999-02-28,1999-02-28,1999,Q1,101.425257,0.0,101.425257,8313.556513,0.0,0.0,8414.98177,101040.768976,0.0,0.0,0.0,0.0,0.0,0.0,101040.768976,0.0,109455.750746,44750.414319,0.0,0.0,0.0,23201.85614799999,67952.270467,0.0,0.0,0.0,0.0,0.0,0.0,0.0,67952.270467,0.0,0.0,-749913.821677,-173132.91349,964550.215445,41503.480278,109455.750745,1e-06,41503.480279,109455.750746,0.0,0.0,-101.425257,https://www.sedar.com/ModifyCompanyDocumentSearchForm.do?lang=EN&company_search=Lundin Gold Inc.&document_selection=0&industry_group=A&FromDate=13&FromMonth=05&FromYear=2000&ToDate=13&ToMonth=11&ToYear=2020&Variable=Issuer,https://www.sedar.com/ModifyCompanyDocumentSearchForm.do?lang=EN&company_search=Lundin Gold Inc.&document_selection=0&industry_group=A&FromDate=13&FromMonth=05&FromYear=2000&ToDate=13&ToMonth=11&ToYear=2020&Variable=Issuer
1998-11-30,LUG.TO,USD,,1998-11-30,1998-11-30,1999,Q4,769.53125,0.0,769.53125,9975.260417,0.0,0.0,10744.791667,104984.375,0.0,0.0,0.0,0.0,0.0,0.0,104984.375,0.0,115729.166667,43245.442708,0.0,0.0,0.0,17903.645833999995,61149.088542,0.0,0.0,0.0,0.0,0.0,0.0,0.0,61149.088542,0.0,0.0,-722667.96875,-170033.203125,947281.25,54580.078125,115729.166667,0.0,54580.078125,115729.166667,0.0,0.0,-769.53125,https://www.sedar.com/ModifyCompanyDocumentSearchForm.do?lang=EN&company_search=Lundin Gold Inc.&document_selection=0&industry_group=A&FromDate=13&FromMonth=05&FromYear=2000&ToDate=13&ToMonth=11&ToYear=2020&Variable=Issuer,https://www.sedar.com/ModifyCompanyDocumentSearchForm.do?lang=EN&company_search=Lundin Gold Inc.&document_selection=0&industry_group=A&FromDate=13&FromMonth=05&FromYear=2000&ToDate=13&ToMonth=11&ToYear=2020&Variable=Issuer
1998-08-31,LUG.TO,USD,,1998-08-31,1998-08-31,1998,Q3,859.276133,0.0,859.276133,6881.169324,0.0,1265.5024039999998,9005.947861,41273.72817,0.0,0.0,0.0,0.0,0.0,0.0,41273.72817,0.0,50279.676031,5997.215895,0.0,0.0,0.0,12655.024043999998,18652.239939,0.0,0.0,0.0,0.0,0.0,0.0,0.0,18652.239939,0.0,0.0,-682655.656796,-165256.264237,879539.357125,31627.436092,50279.676030999995,5e-12,31627.436092,50279.676031,0.0,0.0,-859.276133,https://www.sedar.com/ModifyCompanyDocumentSearchForm.do?lang=EN&company_search=Lundin Gold Inc.&document_selection=0&industry_group=A&FromDate=13&FromMonth=05&FromYear=2000&ToDate=13&ToMonth=11&ToYear=2020&Variable=Issuer,https://www.sedar.com/ModifyCompanyDocumentSearchForm.do?lang=EN&company_search=Lundin Gold Inc.&document_selection=0&industry_group=A&FromDate=13&FromMonth=05&FromYear=2000&ToDate=13&ToMonth=11&ToYear=2020&Variable=Issuer
1998-05-31,LUG.TO,USD,,1998-05-31,1998-05-31,1998,Q2,113.277496,0.0,113.277496,9664.286695,0.0,1373.060551999999,11150.624743,51868.048881,0.0,0.0,0.0,0.0,0.0,0.0,51868.048881,0.0,63018.673624,1529.589455,0.0,0.0,0.0,8581.62845,10111.217905,0.0,0.0,0.0,0.0,0.0,0.0,0.0,10111.217905,0.0,0.0,-722084.305918,0.0,774991.761637,52907.455719,63018.673623999995,5e-12,52907.455719,63018.673624,0.0,0.0,-113.277496,https://www.sedar.com/ModifyCompanyDocumentSearchForm.do?lang=EN&company_search=Lundin Gold Inc.&document_selection=0&industry_group=A&FromDate=13&FromMonth=05&FromYear=2000&ToDate=13&ToMonth=11&ToYear=2020&Variable=Issuer,https://www.sedar.com/ModifyCompanyDocumentSearchForm.do?lang=EN&company_search=Lundin Gold Inc.&document_selection=0&industry_group=A&FromDate=13&FromMonth=05&FromYear=2000&ToDate=13&ToMonth=11&ToYear=2020&Variable=Issuer
1998-02-28,LUG.TO,USD,,1998-02-28,1998-02-28,1998,Q1,18205.452501,0.0,18205.452501,8996.627319,0.0,0.0,27202.07982,56462.900506,0.0,0.0,0.0,0.0,0.0,7.275957614183426e-12,56462.900506000005,0.0,83664.980326,9762.507026,0.0,0.0,0.0,16160.764475,25923.271501,0.0,0.0,0.0,0.0,0.0,0.0,0.0,25923.271501,0.0,0.0,-725600.758853,0.0,783342.467678,57741.708825,83664.980326,0.0,57741.708825,83664.980326,0.0,0.0,-18205.452501,https://www.sedar.com/ModifyCompanyDocumentSearchForm.do?lang=EN&company_search=Lundin Gold Inc.&document_selection=0&industry_group=A&FromDate=13&FromMonth=05&FromYear=2000&ToDate=13&ToMonth=11&ToYear=2020&Variable=Issuer,https://www.sedar.com/ModifyCompanyDocumentSearchForm.do?lang=EN&company_search=Lundin Gold Inc.&document_selection=0&industry_group=A&FromDate=13&FromMonth=05&FromYear=2000&ToDate=13&ToMonth=11&ToYear=2020&Variable=Issuer
1997-11-30,LUG.TO,USD,,1997-11-30,1997-11-30,1998,Q4,3856.6409,0.0,3856.6409,8493.323963,0.0,-1.8189894035458565e-12,12349.964863,62300.070274,0.0,0.0,0.0,0.0,0.0,0.0,62300.070274,0.0,74650.035137,30458.88967,0.0,0.0,0.0,90220.660576,120679.550246,0.0,0.0,0.0,0.0,0.0,0.0,0.0,120679.550246,0.0,0.0,-699123.682361,0.0,653094.167252,-46029.515109,74650.035137,0.0,-46029.515109,74650.035137,0.0,0.0,-3856.6409,https://www.sedar.com/ModifyCompanyDocumentSearchForm.do?lang=EN&company_search=Lundin Gold Inc.&document_selection=0&industry_group=A&FromDate=13&FromMonth=05&FromYear=2000&ToDate=13&ToMonth=11&ToYear=2020&Variable=Issuer,https://www.sedar.com/ModifyCompanyDocumentSearchForm.do?lang=EN&company_search=Lundin Gold Inc.&document_selection=0&industry_group=A&FromDate=13&FromMonth=05&FromYear=2000&ToDate=13&ToMonth=11&ToYear=2020&Variable=Issuer
